Lake,Date,DOY,Year,Depth,IrradianceWater_uEinst_m2_s,IrradianceDeck_uEinst_m2_s,water_over_deck,Percent_surface_irradiance
R,5/13/2024,134,2024,0,1677,1464,1.15,1
R,5/13/2024,134,2024,0.25,1205,1460,0.83,0.72
R,5/13/2024,134,2024,0.5,1043,1463,0.71,0.62
R,5/13/2024,134,2024,0.75,847,1464,0.58,0.51
R,5/13/2024,134,2024,1,742,1472,0.5,0.44
R,5/13/2024,134,2024,1.5,441,1463,0.3,0.26
R,5/13/2024,134,2024,2,292,1466,0.2,0.17
R,5/13/2024,134,2024,2.5,195,1465,0.13,0.12
R,5/13/2024,134,2024,3,128,1475,0.09,0.08
R,5/13/2024,134,2024,3.5,77,1466,0.05,0.05
R,5/13/2024,134,2024,4,46,1457,0.03,0.03
R,5/13/2024,134,2024,4.5,25,1462,0.02,0.01
T,5/13/2024,134,2024,0,1489,1399,1.06,1
T,5/13/2024,134,2024,0.25,1230,1370,0.9,0.84
T,5/13/2024,134,2024,0.5,682,1307,0.52,0.49
T,5/13/2024,134,2024,0.75,502,1354,0.37,0.35
T,5/13/2024,134,2024,1,362,1378,0.26,0.25
T,5/13/2024,134,2024,1.5,195,1383,0.14,0.13
T,5/13/2024,134,2024,2,100.4,1356,0.07,0.07
T,5/13/2024,134,2024,2.5,54,1389,0.04,0.04
T,5/13/2024,134,2024,3,27.6,1372,0.02,0.02
T,5/13/2024,134,2024,3.5,10.3,1346,0.01,0.01
R,5/16/2024,137,2024,0,116.4,70.5,1.65,1
R,5/16/2024,137,2024,0.25,87.74,83.71,1.05,0.63
R,5/16/2024,137,2024,0.5,61.18,82.02,0.75,0.45
R,5/16/2024,137,2024,0.75,42.7,81.55,0.52,0.32
R,5/16/2024,137,2024,1,35.78,79.15,0.45,0.27
R,5/16/2024,137,2024,1.5,17.31,78.06,0.22,0.13
R,5/16/2024,137,2024,2,10.39,78.18,0.13,0.08
R,5/16/2024,137,2024,2.5,6.92,79.88,0.09,0.05
R,5/16/2024,137,2024,3,5.76,82.48,0.07,0.04
R,5/16/2024,137,2024,3.5,3.46,85.7,0.04,0.02
R,5/16/2024,137,2024,4,1.15,88.9,0.01,0.01
R,5/17/2024,138,2024,0,1782,1543,1.15,1
R,5/17/2024,138,2024,0.25,1490,1543,0.97,0.84
R,5/17/2024,138,2024,0.5,1100,1546,0.71,0.62
R,5/17/2024,138,2024,0.75,873.5,1562,0.56,0.49
R,5/17/2024,138,2024,1,698.3,1590,0.44,0.38
R,5/17/2024,138,2024,1.5,427,1594,0.27,0.23
R,5/17/2024,138,2024,2,266.6,1594,0.17,0.15
R,5/17/2024,138,2024,2.5,174.2,1595,0.11,0.1
R,5/17/2024,138,2024,3,115.4,1604,0.07,0.06
R,5/17/2024,138,2024,3.5,72.64,1611,0.05,0.04
R,5/17/2024,138,2024,4,43.78,1616,0.03,0.02
R,5/17/2024,138,2024,4.5,23.01,1624,0.01,0.01
T,5/17/2024,138,2024,0,2113,1938,1.09,1
T,5/17/2024,138,2024,0.25,1594,1886,0.85,0.78
T,5/17/2024,138,2024,0.5,955.7,1997,0.48,0.44
T,5/17/2024,138,2024,0.75,645.2,2026,0.32,0.29
T,5/17/2024,138,2024,1,124.6,648.5,0.19,0.17
T,5/17/2024,138,2024,1.5,58.82,607,0.1,0.09
T,5/17/2024,138,2024,2,31.12,638,0.05,0.05
T,5/17/2024,138,2024,2.5,14.96,728,0.02,0.02
T,5/17/2024,138,2024,3,8.034,593,0.01,0.01
R,5/18/2024,139,2024,0,1759,1748,1.01,1
R,5/18/2024,139,2024,0.25,1320,1547,0.85,0.84
R,5/18/2024,139,2024,0.5,1267,1954,0.65,0.64
R,5/18/2024,139,2024,0.75,1031,1955,0.53,0.52
R,5/18/2024,139,2024,1,766,1980,0.39,0.38
R,5/18/2024,139,2024,1.5,491,1939,0.25,0.25
R,5/18/2024,139,2024,2,331,2097,0.16,0.16
R,5/18/2024,139,2024,2.5,228.5,2091,0.11,0.11
R,5/18/2024,139,2024,3,108.4,1572,0.07,0.07
R,5/18/2024,139,2024,3.5,59.97,1426,0.04,0.04
R,5/18/2024,139,2024,4,24.18,964,0.03,0.02
R,5/18/2024,139,2024,4.5,14.95,1037,0.01,0.01
R,5/19/2024,140,2024,0,1759,1608,1.093905473,1
R,5/19/2024,140,2024,0.25,1142,1305,0.875095785,0.799973862
R,5/19/2024,140,2024,0.5,748,1118,0.669051878,0.611617635
R,5/19/2024,140,2024,0.75,440.9,880.3,0.500851982,0.45785673
R,5/19/2024,140,2024,1,307,804,0.381840796,0.349061967
R,5/19/2024,140,2024,1.5,169.6,720.2,0.235490142,0.215274672
R,5/19/2024,140,2024,2,120,764.3,0.157006411,0.143528317
R,5/19/2024,140,2024,2.5,83.03,856,0.096997664,0.088670974
R,5/19/2024,140,2024,3,85.34,1271,0.067143981,0.061380058
R,5/19/2024,140,2024,3.5,63.4,1487,0.04263618,0.03897611
R,5/19/2024,140,2024,4,36.85,1518,0.024275362,0.022191463
R,5/19/2024,140,2024,4.5,23,1707,0.013473931,0.012317272
R,5/19/2024,140,2024,5,11.46,1164,0.009845361,0.009000193
R,5/20/2024,141,2024,0,841,685,1.227737226,1
R,5/20/2024,141,2024,0.25,649,735,0.882993197,0.719203734
R,5/20/2024,141,2024,0.75,410,790,0.518987342,0.422718584
R,5/20/2024,141,2024,1,295,758,0.389182058,0.316991331
R,5/20/2024,141,2024,1.25,224,763,0.293577982,0.239121186
R,5/20/2024,141,2024,1.75,156,832,0.1875,0.152719976
R,5/20/2024,141,2024,2.25,95.7,765,0.125098039,0.101893171
R,5/20/2024,141,2024,2.75,61.7,727,0.084869326,0.069126621
R,5/20/2024,141,2024,3.25,42.6,760,0.056052632,0.045655235
R,5/20/2024,141,2024,3.75,27.6,683,0.040409956,0.032914173
R,5/20/2024,141,2024,4.25,17,649,0.026194145,0.021335302
R,5/20/2024,141,2024,4.75,10.3,606,0.0169967,0.013843923
R,5/20/2024,141,2024,5.25,3.7,590,0.006271186,0.005107922
L,5/21/2024,142,2024,0,277,220,1.259090909,1
L,5/21/2024,142,2024,0.25,204,212,0.962264151,0.764253116
L,5/21/2024,142,2024,0.5,165,216,0.763888889,0.606698757
L,5/21/2024,142,2024,0.75,136,226,0.601769912,0.477940002
L,5/21/2024,142,2024,1,102,210,0.485714286,0.385765859
L,5/21/2024,142,2024,1.5,72,217,0.331797235,0.26352127
L,5/21/2024,142,2024,2,62,204,0.303921569,0.241381751
L,5/21/2024,142,2024,2.5,54,210,0.257142857,0.204228984
L,5/21/2024,142,2024,3,45,222,0.202702703,0.160991316
L,5/21/2024,142,2024,3.5,38,227,0.167400881,0.132953768
L,5/21/2024,142,2024,4,31,239,0.129707113,0.10301648
L,5/21/2024,142,2024,4.5,28,303,0.092409241,0.073393621
L,5/21/2024,142,2024,5,21,291,0.072164948,0.057315122
L,5/21/2024,142,2024,5.5,15,327,0.04587156,0.036432286
L,5/21/2024,142,2024,6,11,338,0.032544379,0.025847521
L,5/21/2024,142,2024,6.5,5,335,0.014925373,0.011854087
L,5/21/2024,142,2024,7,2.3,329,0.006990881,0.005552325
R,5/22/2024,143,2024,0,544,493,1.103448276,1
R,5/22/2024,143,2024,0.25,472,569,0.829525483,0.751757469
R,5/22/2024,143,2024,0.5,347,613,0.566068515,0.512999592
R,5/22/2024,143,2024,0.75,277,625,0.4432,0.40165
R,5/22/2024,143,2024,1,292,736,0.39673913,0.359544837
R,5/22/2024,143,2024,1.5,141,595,0.23697479,0.214758403
R,5/22/2024,143,2024,2,92,603,0.152570481,0.138266998
R,5/22/2024,143,2024,2.5,61,586,0.104095563,0.094336604
R,5/22/2024,143,2024,3,40,582,0.068728522,0.062285223
R,5/22/2024,143,2024,3.5,25,610,0.040983607,0.037141393
R,5/22/2024,143,2024,4,22,666,0.033033033,0.029936186
R,5/22/2024,143,2024,4.5,13,655,0.019847328,0.017986641
R,5/22/2024,143,2024,5,4,632,0.006329114,0.005735759
T,5/22/2024,143,2024,0,450,372,1.209677419,1
T,5/22/2024,143,2024,0.25,227,262,0.866412214,0.716234097
T,5/22/2024,143,2024,0.5,110,256,0.4296875,0.355208333
T,5/22/2024,143,2024,0.75,79,229,0.344978166,0.285181951
T,5/22/2024,143,2024,1,71,224,0.316964286,0.26202381
T,5/22/2024,143,2024,1.5,39,205,0.190243902,0.157268293
T,5/22/2024,143,2024,2,19,206,0.09223301,0.076245955
T,5/22/2024,143,2024,2.5,11,199,0.055276382,0.045695142
T,5/22/2024,143,2024,3,4.6,174,0.026436782,0.021854406
T,5/22/2024,143,2024,3.5,1.14,248,0.004596774,0.0038
R,5/23/2024,144,2024,0,2123,1928,1.101141079,1
R,5/23/2024,144,2024,0.25,1712,1961,0.873023967,0.792835708
R,5/23/2024,144,2024,0.5,1286,1961,0.655787863,0.595552991
R,5/23/2024,144,2024,0.75,943,1905,0.495013123,0.449545597
R,5/23/2024,144,2024,1,749,1846,0.405742145,0.368474261
R,5/23/2024,144,2024,1.5,484,1922,0.25182102,0.228690968
R,5/23/2024,144,2024,2,308,1931,0.159502848,0.144852328
R,5/23/2024,144,2024,2.5,207,1921,0.107756377,0.097858829
R,5/23/2024,144,2024,3,135,1906,0.070828961,0.064323239
R,5/23/2024,144,2024,3.5,84,1827,0.045977011,0.04175397
R,5/23/2024,144,2024,4,56,1841,0.030418251,0.027624299
R,5/23/2024,144,2024,4.5,33,1854,0.017799353,0.016164462
R,5/23/2024,144,2024,5,15,1884,0.007961783,0.007230484
R,5/24/2024,145,2024,0,1202,1066,1.127579737,1
R,5/24/2024,145,2024,0.25,944,1060,0.890566038,0.789803158
R,5/24/2024,145,2024,0.5,644,998,0.645290581,0.572279334
R,5/24/2024,145,2024,0.75,503,978,0.514314928,0.45612289
R,5/24/2024,145,2024,1,395,956,0.413179916,0.366430774
R,5/24/2024,145,2024,1.5,247,990,0.249494949,0.221265904
R,5/24/2024,145,2024,2,154,1001,0.153846154,0.136439268
R,5/24/2024,145,2024,2.5,97,967,0.100310238,0.08896066
R,5/24/2024,145,2024,3,65,962,0.067567568,0.059922651
R,5/24/2024,145,2024,3.5,44,973,0.045220966,0.040104451
R,5/24/2024,145,2024,4,28,950,0.029473684,0.026138891
R,5/24/2024,145,2024,4.5,20,975,0.020512821,0.018191902
R,5/24/2024,145,2024,5,5.7,982,0.005804481,0.005147734
T,5/24/2024,145,2024,0,938,713,1.315568022,1
T,5/24/2024,145,2024,0.25,615,680,0.904411765,0.687468644
T,5/24/2024,145,2024,0.5,353,729,0.484224966,0.368072922
T,5/24/2024,145,2024,0.75,301,684,0.44005848,0.334500742
T,5/24/2024,145,2024,1,224,704,0.318181818,0.241858887
T,5/24/2024,145,2024,1.5,114,657,0.173515982,0.131894344
T,5/24/2024,145,2024,2,63,658,0.095744681,0.072778206
T,5/24/2024,145,2024,2.5,29,644,0.045031056,0.034229363
T,5/24/2024,145,2024,3,15,628,0.02388535,0.018155922
T,5/24/2024,145,2024,3.5,4.6,618,0.007443366,0.00565791
R,5/25/2024,146,2024,0,2280,2001,1.139430285,1
R,5/25/2024,146,2024,0.25,1720,2001,0.859570215,0.754385965
R,5/25/2024,146,2024,0.5,1244,2073,0.600096479,0.52666362
R,5/25/2024,146,2024,0.75,1027,2017,0.509172038,0.446865459
R,5/25/2024,146,2024,1,796,1972,0.403651116,0.354256966
R,5/25/2024,146,2024,1.5,468,1964,0.238289206,0.209130132
R,5/25/2024,146,2024,2,292,2018,0.144697721,0.126991289
R,5/25/2024,146,2024,2.5,195,2059,0.094706168,0.083117124
R,5/25/2024,146,2024,3,30,503,0.059642147,0.052343832
R,5/25/2024,146,2024,3.5,18.4,543,0.03388582,0.029739265
R,5/25/2024,146,2024,4,15,700,0.021428571,0.018806391
R,5/25/2024,146,2024,4.5,4.6,543,0.008471455,0.007434816
R,5/27/2024,148,2024,0,1573,1523,1.032829941,1
R,5/27/2024,148,2024,0.25,1309,1498,0.873831776,0.846055814
R,5/27/2024,148,2024,0.5,916,1441,0.635669674,0.615464026
R,5/27/2024,148,2024,0.75,651,1372,0.474489796,0.459407476
R,5/27/2024,148,2024,1,507,1290,0.393023256,0.380530463
R,5/27/2024,148,2024,1.5,305,1267,0.240726125,0.233074309
R,5/27/2024,148,2024,2,174,1319,0.13191812,0.127724918
R,5/27/2024,148,2024,2.5,119,1298,0.091679507,0.088765346
R,5/27/2024,148,2024,3,77,1337,0.057591623,0.055760993
R,5/27/2024,148,2024,3.5,47,1371,0.034281546,0.033191859
R,5/27/2024,148,2024,4,28.75,1376,0.020893895,0.020229754
R,5/27/2024,148,2024,4.5,16.05,1355,0.011845018,0.011468508
R,5/27/2024,148,2024,5,6.97,1526,0.004567497,0.004422313
L,5/28/2024,149,2024,0,144,137,1.051094891,1
L,5/28/2024,149,2024,0.25,120,134,0.895522388,0.85199005
L,5/28/2024,149,2024,0.5,84,133,0.631578947,0.600877193
L,5/28/2024,149,2024,0.75,84,126,0.666666667,0.634259259
L,5/28/2024,149,2024,1,69,124,0.556451613,0.529401882
L,5/28/2024,149,2024,1.5,46,133,0.345864662,0.329051796
L,5/28/2024,149,2024,2,32,126,0.253968254,0.241622575
L,5/28/2024,149,2024,2.5,24,124,0.193548387,0.184139785
L,5/28/2024,149,2024,3,20,125,0.16,0.152222222
L,5/28/2024,149,2024,3.5,14,125,0.112,0.106555556
L,5/28/2024,149,2024,4,10,125,0.08,0.076111111
L,5/28/2024,149,2024,4.5,7,124,0.056451613,0.053707437
L,5/28/2024,149,2024,5,5.8,124,0.046774194,0.044500448
L,5/28/2024,149,2024,5.5,3.4,124,0.027419355,0.02608647
L,5/28/2024,149,2024,6,1.13,124,0.009112903,0.008669915
T,5/29/2024,150,2024,0,1425,1247,1.142742582,1
T,5/29/2024,150,2024,0.25,953,1256,0.758757962,0.663979774
T,5/29/2024,150,2024,0.5,714,1236,0.577669903,0.505511838
T,5/29/2024,150,2024,0.75,514,1230,0.417886179,0.365687063
T,5/29/2024,150,2024,1,409,1226,0.33360522,0.291933831
T,5/29/2024,150,2024,1.5,223,1231,0.181153534,0.158525233
T,5/29/2024,150,2024,2,122,1226,0.099510604,0.087080507
T,5/29/2024,150,2024,2.5,62,1241,0.04995971,0.043719129
T,5/29/2024,150,2024,3,29,1206,0.024046434,0.02104274
T,5/29/2024,150,2024,3.5,13,1234,0.010534846,0.009218914
T,5/29/2024,150,2024,4,9,1232,0.007305195,0.006392686
R,6/3/2024,155,2024,0,552,542,1.018450185,1
R,6/3/2024,155,2024,0.25,350,505,0.693069307,0.680513704
R,6/3/2024,155,2024,0.5,315,581,0.542168675,0.532346778
R,6/3/2024,155,2024,0.75,129,375,0.344,0.337768116
R,6/3/2024,155,2024,1,100,316,0.316455696,0.310722803
R,6/3/2024,155,2024,1.5,71,343,0.206997085,0.203247137
R,6/3/2024,155,2024,2,48,356,0.134831461,0.132388862
R,6/3/2024,155,2024,2.5,26,335,0.07761194,0.076205927
R,6/3/2024,155,2024,3,16,308,0.051948052,0.051006964
R,6/3/2024,155,2024,3.5,10,263,0.038022814,0.037333995
R,6/3/2024,155,2024,4,3.43,253,0.013557312,0.013311709
R,6/3/2024,155,2024,4.5,3.43,378,0.009074074,0.008909689
L,6/4/2024,156,2024,0,526,433,1.2147806,1
L,6/4/2024,156,2024,0.25,442,408,1.083333333,0.891793409
L,6/4/2024,156,2024,0.5,585,641,0.912636505,0.751276819
L,6/4/2024,156,2024,0.75,290,391,0.74168798,0.610553033
L,6/4/2024,156,2024,1,210,362,0.580110497,0.477543432
L,6/4/2024,156,2024,1.5,221,491,0.450101833,0.370521091
L,6/4/2024,156,2024,2,424,1290,0.328682171,0.270569163
L,6/4/2024,156,2024,2.5,296,1226,0.241435563,0.198748286
L,6/4/2024,156,2024,3,210,1150,0.182608696,0.150322367
L,6/4/2024,156,2024,3.5,77,557,0.138240575,0.1137988
L,6/4/2024,156,2024,4,93,993,0.093655589,0.077096711
L,6/4/2024,156,2024,4.5,83,1124,0.073843416,0.060787451
L,6/4/2024,156,2024,5,66,1131,0.058355438,0.048037841
L,6/4/2024,156,2024,5.5,48,1160,0.04137931,0.034063197
L,6/4/2024,156,2024,6,34,1136,0.029929577,0.024637846
L,6/4/2024,156,2024,6.5,24,1116,0.021505376,0.017703095
L,6/4/2024,156,2024,7,8,1123,0.007123776,0.005864249
T,6/5/2024,157,2024,0,392,389,1.007712082,1
T,6/5/2024,157,2024,0.25,225,372,0.60483871,0.600209842
T,6/5/2024,157,2024,0.5,139,367,0.378746594,0.375848023
T,6/5/2024,157,2024,0.75,102,373,0.273458445,0.271365651
T,6/5/2024,157,2024,1,83,387,0.214470284,0.21282893
T,6/5/2024,157,2024,1.5,63,395,0.159493671,0.158273056
T,6/5/2024,157,2024,2,36,404,0.089108911,0.088426955
T,6/5/2024,157,2024,2.5,18,409,0.04400978,0.04367297
T,6/5/2024,157,2024,3,13,426,0.030516432,0.030282888
T,6/5/2024,157,2024,3.5,8,656,0.012195122,0.012101792
T,6/5/2024,157,2024,4,3.4,441,0.007709751,0.007650747
R,6/10/2024,162,2024,0,1560,1256,1.242038217,1
R,6/10/2024,162,2024,0.25,1146,1268,0.903785489,0.727663189
R,6/10/2024,162,2024,0.5,793,1262,0.62836767,0.505916535
R,6/10/2024,162,2024,0.75,588,1255,0.468525896,0.377223414
R,6/10/2024,162,2024,1,468,1256,0.372611465,0.3
R,6/10/2024,162,2024,1.5,266,1236,0.215210356,0.173271928
R,6/10/2024,162,2024,2,153,1251,0.122302158,0.098468917
R,6/10/2024,162,2024,2.5,86,1230,0.069918699,0.056293517
R,6/10/2024,162,2024,3,62,1231,0.050365556,0.04055073
R,6/10/2024,162,2024,3.5,40,1226,0.032626427,0.026268457
R,6/10/2024,162,2024,4,26,1254,0.020733652,0.016693248
R,6/10/2024,162,2024,4.5,13,1260,0.01031746,0.008306878
R,6/10/2024,162,2024,5,10,1273,0.00785546,0.006324652
L,6/11/2024,163,2024,0,651,658,0.989361702,1
L,6/11/2024,163,2024,0.25,544,650,0.836923077,0.84592225
L,6/11/2024,163,2024,0.5,405,653,0.620214395,0.626883367
L,6/11/2024,163,2024,0.75,384,655,0.586259542,0.592563408
L,6/11/2024,163,2024,1,336,656,0.512195122,0.517702596
L,6/11/2024,163,2024,1.5,244,662,0.36858006,0.372543287
L,6/11/2024,163,2024,2,193,678,0.284660767,0.287721635
L,6/11/2024,163,2024,2.5,145,686,0.211370262,0.213643061
L,6/11/2024,163,2024,3,111,674,0.164688427,0.166459271
L,6/11/2024,163,2024,3.5,85,672,0.126488095,0.127848182
L,6/11/2024,163,2024,4,68,675,0.100740741,0.101823975
L,6/11/2024,163,2024,4.5,51,673,0.075780089,0.076594929
L,6/11/2024,163,2024,5,40,660,0.060606061,0.061257739
L,6/11/2024,163,2024,5.5,27,643,0.041990669,0.042442181
L,6/11/2024,163,2024,6,20,63,0.317460317,0.320873869
L,6/11/2024,163,2024,6.5,14,614,0.022801303,0.023046478
L,6/11/2024,163,2024,7,9,624,0.014423077,0.014578164
L,6/11/2024,163,2024,8,1.1,638,0.001724138,0.001742677
T,6/12/2024,164,2024,0,1383,1193,1.159262364,1
T,6/12/2024,164,2024,0.25,991,1207,0.821043911,0.708246844
T,6/12/2024,164,2024,0.5,651,1128,0.57712766,0.497840418
T,6/12/2024,164,2024,0.75,338,856,0.394859813,0.340612984
T,6/12/2024,164,2024,1,289,992,0.291330645,0.251306912
T,6/12/2024,164,2024,1.5,214,1227,0.174409128,0.150448366
T,6/12/2024,164,2024,2,126,1192,0.105704698,0.091182722
T,6/12/2024,164,2024,2.5,64,1201,0.053288926,0.04596796
T,6/12/2024,164,2024,3,34,1204,0.028239203,0.02435963
T,6/12/2024,164,2024,3.5,18,1240,0.014516129,0.012521867
T,6/12/2024,164,2024,4,9,1217,0.007395234,0.006379258
R,6/17/2024,169,2024,0,142,133,1.067669173,1
R,6/17/2024,169,2024,0.25,95,118,0.805084746,0.754058248
R,6/17/2024,169,2024,0.5,56,126,0.444444444,0.41627543
R,6/17/2024,169,2024,0.75,50,124,0.403225806,0.377669241
R,6/17/2024,169,2024,1,44,123,0.357723577,0.335050956
R,6/17/2024,169,2024,1.5,22,131,0.167938931,0.157294915
R,6/17/2024,169,2024,2,11.5,142,0.080985915,0.075853005
R,6/17/2024,169,2024,2.5,8,154,0.051948052,0.04865557
R,6/17/2024,169,2024,3,4.6,180,0.025555556,0.023935837
R,6/17/2024,169,2024,3.5,3.4,156,0.021794872,0.020413507
R,6/17/2024,169,2024,4,1.1,161,0.006832298,0.006399265
L,6/18/2024,170,2024,0,1593,1287,1.237762238,1
L,6/18/2024,170,2024,0.25,1305,1291,1.010844307,0.816670824
L,6/18/2024,170,2024,0.5,1013,1357,0.746499632,0.603104222
L,6/18/2024,170,2024,0.75,911,1314,0.693302892,0.560126065
L,6/18/2024,170,2024,1,761,1309,0.581359817,0.46968618
L,6/18/2024,170,2024,1.5,574,1393,0.412060302,0.332907475
L,6/18/2024,170,2024,2,424,1219,0.347826087,0.281012036
L,6/18/2024,170,2024,2.5,293,1194,0.245393635,0.198255874
L,6/18/2024,170,2024,3,218,1320,0.165151515,0.133427495
L,6/18/2024,170,2024,3.5,156,1301,0.119907763,0.096874634
L,6/18/2024,170,2024,4,122,1316,0.092705167,0.074897395
L,6/18/2024,170,2024,4.5,92,1302,0.070660522,0.057087315
L,6/18/2024,170,2024,5,70,1326,0.052790347,0.042649828
L,6/18/2024,170,2024,5.5,47,1313,0.035795887,0.028919841
L,6/18/2024,170,2024,6,35,1262,0.027733756,0.022406368
L,6/18/2024,170,2024,6.5,21,1309,0.016042781,0.012961117
L,6/18/2024,170,2024,7,9,1302,0.006912442,0.005584629
T,6/19/2024,171,2024,0,256,157,1.630573248,1
T,6/19/2024,171,2024,0.25,171,112,1.526785714,0.936349051
T,6/19/2024,171,2024,0.5,91,120,0.758333333,0.465071615
T,6/19/2024,171,2024,0.75,94,208,0.451923077,0.27715595
T,6/19/2024,171,2024,1,63,183,0.344262295,0.211129611
T,6/19/2024,171,2024,1.5,33,169,0.195266272,0.119753143
T,6/19/2024,171,2024,2,16,165,0.096969697,0.059469697
T,6/19/2024,171,2024,2.5,6,170,0.035294118,0.021645221
T,6/19/2024,171,2024,3,2.25,152,0.014802632,0.009078176
T,6/19/2024,171,2024,3.5,1.09,166,0.006566265,0.004026967
R,6/24/2024,176,2024,0,1612,1449,1.112491373,1
R,6/24/2024,176,2024,0.25,1046,1475,0.709152542,0.63744543
R,6/24/2024,176,2024,0.5,711,1474,0.482360923,0.433586214
R,6/24/2024,176,2024,0.75,532,1389,0.383009359,0.344280745
R,6/24/2024,176,2024,1,324,1337,0.242333583,0.217829629
R,6/24/2024,176,2024,1.5,183,1386,0.132034632,0.118683736
R,6/24/2024,176,2024,2,102,1381,0.073859522,0.066391096
R,6/24/2024,176,2024,2.5,58,1362,0.042584435,0.03827844
R,6/24/2024,176,2024,3,39,1422,0.02742616,0.02465292
R,6/24/2024,176,2024,3.5,25,1417,0.017642908,0.015858916
R,6/24/2024,176,2024,4,15,1412,0.010623229,0.009549044
R,6/24/2024,176,2024,4.5,10,1392,0.007183908,0.006457496
R,6/24/2024,176,2024,5,5.67,1344,0.00421875,0.003792164
L,6/25/2024,177,2024,0,1800,1492,1.206434316,1
L,6/25/2024,177,2024,0.25,1926,1384,1.391618497,1.15349711
L,6/25/2024,177,2024,0.5,1117,1441,0.775156142,0.642518313
L,6/25/2024,177,2024,0.75,995,1527,0.651604453,0.540107691
L,6/25/2024,177,2024,1,819,1291,0.634391944,0.525840434
L,6/25/2024,177,2024,1.5,573,1262,0.454041204,0.376349709
L,6/25/2024,177,2024,2,404,1312,0.307926829,0.255237127
L,6/25/2024,177,2024,2.5,269,1256,0.214171975,0.17752477
L,6/25/2024,177,2024,3,196,1301,0.150653344,0.124874883
L,6/25/2024,177,2024,3.5,154,1314,0.117199391,0.097145273
L,6/25/2024,177,2024,4,118,1368,0.08625731,0.071497726
L,6/25/2024,177,2024,4.5,89,1398,0.063662375,0.052769035
L,6/25/2024,177,2024,5,65,1332,0.048798799,0.040448782
L,6/25/2024,177,2024,5.5,46,1336,0.034431138,0.028539587
L,6/25/2024,177,2024,6,32,1305,0.024521073,0.020325245
L,6/25/2024,177,2024,6.5,19,1314,0.014459665,0.011985456
L,6/25/2024,177,2024,7,9,1303,0.006907137,0.005725249
T,6/26/2024,178,2024,0,1547,1284,1.20482866,1
T,6/26/2024,178,2024,0.25,1024,1217,0.841413311,0.698367609
T,6/26/2024,178,2024,0.5,721,1218,0.591954023,0.491318013
T,6/26/2024,178,2024,0.75,517,1306,0.395865237,0.328565588
T,6/26/2024,178,2024,1,415,1373,0.30225783,0.250872045
T,6/26/2024,178,2024,1.5,70,485,0.144329897,0.119792881
T,6/26/2024,178,2024,2,126,1473,0.085539715,0.07099741
T,6/26/2024,178,2024,2.5,57,1411,0.040396882,0.033529151
T,6/26/2024,178,2024,3,19,905,0.020994475,0.017425279
T,6/26/2024,178,2024,3.5,3,362,0.008287293,0.006878399
R,7/1/2024,183,2024,0,1511,1250,1.2088,1
R,7/1/2024,183,2024,0.25,1020,1273,0.801256874,0.662853138
R,7/1/2024,183,2024,0.5,647,1271,0.509047994,0.421118459
R,7/1/2024,183,2024,0.75,484,1265,0.382608696,0.316519437
R,7/1/2024,183,2024,1,308,1227,0.251018745,0.207659451
R,7/1/2024,183,2024,1.5,175,1198,0.146076795,0.120844469
R,7/1/2024,183,2024,2,96,1202,0.079866889,0.066071218
R,7/1/2024,183,2024,2.5,48,1206,0.039800995,0.032926038
R,7/1/2024,183,2024,3,29,1227,0.023634882,0.019552351
R,7/1/2024,183,2024,3.5,20,1212,0.01650165,0.013651266
R,7/1/2024,183,2024,4,13,1216,0.010690789,0.008844134
L,7/2/2024,184,2024,0,190,122,1.557377049,1.000000032
L,7/2/2024,184,2024,0.25,137,124,1.10483871,0.709422773
L,7/2/2024,184,2024,0.5,117,112,1.044642857,0.670770698
L,7/2/2024,184,2024,0.75,110,170,0.647058824,0.415479889
L,7/2/2024,184,2024,1,100,141,0.709219858,0.455393818
L,7/2/2024,184,2024,1.5,63,121,0.520661157,0.33431928
L,7/2/2024,184,2024,2,43,120,0.358333333,0.230087727
L,7/2/2024,184,2024,2.5,28,93,0.301075269,0.193322021
L,7/2/2024,184,2024,3,22,107,0.205607477,0.132021647
L,7/2/2024,184,2024,3.5,21,132,0.159090909,0.102153113
L,7/2/2024,184,2024,4,11,87,0.126436782,0.081185725
L,7/2/2024,184,2024,4.5,9,106,0.08490566,0.054518373
L,7/2/2024,184,2024,5,7,92,0.076086957,0.048855837
L,7/2/2024,184,2024,5.5,3.45,85,0.040588235,0.02606192
L,7/2/2024,184,2024,6,1.14,72,0.015833333,0.010166667
L,7/2/2024,184,2024,6.5,1.14,81,0.014074074,0.009037037
L,7/2/2024,184,2024,7,-0.013,91,-0.000142857,-9.17E-05
T,7/3/2024,185,2024,0,1708,1484,1.151,1
T,7/3/2024,185,2024,0.25,1227,1474,0.832,0.722849696
T,7/3/2024,185,2024,0.5,199,339,0.587,0.509991312
T,7/3/2024,185,2024,0.75,121,290,0.417,0.362293658
T,7/3/2024,185,2024,1,66,203,0.325,0.282363162
T,7/3/2024,185,2024,1.5,208,1216,0.171,0.148566464
T,7/3/2024,185,2024,2,100,1254,0.0797,0.069244136
T,7/3/2024,185,2024,2.5,48,1246,0.038,0.03301477
T,7/3/2024,185,2024,3,21,1258,0.1067,0.092701998
T,7/3/2024,185,2024,3.5,12,1272,0.001,0.00086881
R,7/8/2024,190,2024,0,270,263,1.02661597,1
R,7/8/2024,190,2024,0.25,159,265,0.6,0.584444444
R,7/8/2024,190,2024,0.5,106,265,0.4,0.38962963
R,7/8/2024,190,2024,0.75,73,264,0.276515152,0.26934624
R,7/8/2024,190,2024,1,68,261,0.260536398,0.253781751
R,7/8/2024,190,2024,1.5,31,261,0.118773946,0.115694622
R,7/8/2024,190,2024,2,16,261,0.061302682,0.059713353
R,7/8/2024,190,2024,2.5,8,260,0.030769231,0.02997151
R,7/8/2024,190,2024,3,5,262,0.019083969,0.0185892
R,7/8/2024,190,2024,3.5,3,263,0.011406844,0.011111111
R,7/8/2024,190,2024,4,2,232,0.00862069,0.00839719
L,7/9/2024,191,2024,0,1337,1093,1.223238792,1
L,7/9/2024,191,2024,0.25,1106,1096,1.009124088,0.824960829
L,7/9/2024,191,2024,0.5,903,1099,0.821656051,0.671705358
L,7/9/2024,191,2024,0.75,742,1107,0.670280036,0.547955183
L,7/9/2024,191,2024,1,646,1088,0.59375,0.485391735
L,7/9/2024,191,2024,1.5,437,1078,0.405380334,0.331399181
L,7/9/2024,191,2024,2,309,1100,0.280909091,0.229643707
L,7/9/2024,191,2024,2.5,210,1097,0.191431176,0.156495344
L,7/9/2024,191,2024,3,153,1086,0.140883978,0.115172915
L,7/9/2024,191,2024,3.5,114,1090,0.104587156,0.085500196
L,7/9/2024,191,2024,4,86,1093,0.078682525,0.064323111
L,7/9/2024,191,2024,4.5,63,1116,0.056451613,0.046149299
L,7/9/2024,191,2024,5,46,1108,0.041516245,0.033939608
L,7/9/2024,191,2024,5.5,32,1114,0.028725314,0.023482998
L,7/9/2024,191,2024,6,24,1116,0.021505376,0.017580685
L,7/9/2024,191,2024,6.5,15,1107,0.013550136,0.011077261
L,7/9/2024,191,2024,7,5.7,1113,0.005121294,0.004186667
T,7/10/2024,192,2024,0,1360,1265,1.075098814,1
T,7/10/2024,192,2024,0.25,971,1265,0.767588933,0.713970588
T,7/10/2024,192,2024,0.5,657,1265,0.519367589,0.483088235
T,7/10/2024,192,2024,0.75,451,1285,0.350972763,0.326456283
T,7/10/2024,192,2024,1,349,1256,0.277866242,0.258456468
T,7/10/2024,192,2024,1.5,188,1174,0.160136286,0.148950296
T,7/10/2024,192,2024,2,93,1190,0.078151261,0.072692165
T,7/10/2024,192,2024,2.5,41,1233,0.03325223,0.030929464
T,7/10/2024,192,2024,3,21,1206,0.017412935,0.016196591
T,7/10/2024,192,2024,3.5,10,1248,0.008012821,0.007453101
R,7/15/2024,197,2024,0,443,415,1.06746988,1
R,7/15/2024,197,2024,0.25,285,394,0.723350254,0.677630599
R,7/15/2024,197,2024,0.5,244,514,0.474708171,0.444704043
R,7/15/2024,197,2024,0.75,189,551,0.343012704,0.321332443
R,7/15/2024,197,2024,1,139,620,0.224193548,0.210023302
R,7/15/2024,197,2024,1.5,63.42,593,0.106947723,0.100188048
R,7/15/2024,197,2024,2,33.41,593,0.056340641,0.052779607
R,7/15/2024,197,2024,2.5,18.4,592,0.031081081,0.029116588
R,7/15/2024,197,2024,3,13.79,726,0.01899449,0.017793936
R,7/15/2024,197,2024,3.5,3.355,527,0.006366224,0.005963844
R,7/15/2024,197,2024,4,1.091,461,0.002366594,0.002217013
L,7/16/2024,198,2024,0,1355,1108,1.222924188,1
L,7/16/2024,198,2024,0.25,1277,1132,1.128091873,0.922454461
L,7/16/2024,198,2024,0.5,996,1144,0.870629371,0.711924238
L,7/16/2024,198,2024,0.75,837,1158,0.722797927,0.591040667
L,7/16/2024,198,2024,1,723,1162,0.622203098,0.50878305
L,7/16/2024,198,2024,1.5,515,1094,0.470749543,0.384937634
L,7/16/2024,198,2024,2,357,1152,0.309895833,0.253405597
L,7/16/2024,198,2024,2.5,260,1143,0.227471566,0.18600627
L,7/16/2024,198,2024,3,190,1142,0.166374781,0.136046684
L,7/16/2024,198,2024,3.5,141,1129,0.124889283,0.102123487
L,7/16/2024,198,2024,4,111,1021,0.108716944,0.088899169
L,7/16/2024,198,2024,4.5,79.53,1163,0.068383491,0.055918013
L,7/16/2024,198,2024,5,85.42,1513,0.056457369,0.046165878
L,7/16/2024,198,2024,5.5,64.64,1470,0.043972789,0.035957085
L,7/16/2024,198,2024,6,12.7,397,0.031989924,0.026158551
L,7/16/2024,198,2024,6.5,5.67,247,0.022955466,0.018770964
L,7/16/2024,198,2024,7,2.3,262,0.008778626,0.007178389
T,7/17/2024,199,2024,0,437,344,1.270348837,1
T,7/17/2024,199,2024,0.25,182,275,0.661818182,0.52097358
T,7/17/2024,199,2024,0.5,115,243,0.473251029,0.372536279
T,7/17/2024,199,2024,0.75,80,230,0.347826087,0.273803602
T,7/17/2024,199,2024,1,76,313,0.242811502,0.191137658
T,7/17/2024,199,2024,1.5,54,302,0.178807947,0.140754997
T,7/17/2024,199,2024,2,31,342,0.090643275,0.071353058
T,7/17/2024,199,2024,2.5,12,280,0.042857143,0.033736515
T,7/17/2024,199,2024,3,6.8,254,0.026771654,0.021074254
T,7/17/2024,199,2024,3.5,2.3,190,0.012105263,0.009529086
T,7/17/2024,199,2024,4,1.13,166,0.006807229,0.005358551
R,7/22/2024,204,2024,0,1254,904,1.387168142,1
R,7/22/2024,204,2024,0.25,734,934,0.785867238,0.566526302
R,7/22/2024,204,2024,0.5,424,922,0.459869848,0.33151702
R,7/22/2024,204,2024,0.75,290,914,0.317286652,0.228729772
R,7/22/2024,204,2024,1,188,868,0.216589862,0.156138146
R,7/22/2024,204,2024,1.5,77.3,868,0.0890553,0.064199355
R,7/22/2024,204,2024,2,36.9,861,0.042857143,0.03089542
R,7/22/2024,204,2024,2.5,21.89,881,0.024846765,0.017911863
R,7/22/2024,204,2024,3,12.86,877,0.014663626,0.010570907
R,7/22/2024,204,2024,3.5,5.731,873,0.006564719,0.004732461
L,7/23/2024,205,2024,0,244,245,0.995918367,1
L,7/23/2024,205,2024,0.25,189,240,0.7875,0.790727459
L,7/23/2024,205,2024,0.5,142,239,0.594142259,0.596577269
L,7/23/2024,205,2024,0.75,120,164,0.731707317,0.734706118
L,7/23/2024,205,2024,1,99,162,0.611111111,0.613615665
L,7/23/2024,205,2024,1.5,72,169,0.426035503,0.42778155
L,7/23/2024,205,2024,2,58,176,0.329545455,0.330896051
L,7/23/2024,205,2024,2.5,47,180,0.261111111,0.262181239
L,7/23/2024,205,2024,3,39,180,0.216666667,0.217554645
L,7/23/2024,205,2024,3.5,28,187,0.14973262,0.150346279
L,7/23/2024,205,2024,4,24,197,0.121827411,0.122326704
L,7/23/2024,205,2024,4.5,22,204,0.107843137,0.108285117
L,7/23/2024,205,2024,5,16,211,0.075829384,0.07614016
L,7/23/2024,205,2024,5.5,12,213,0.056338028,0.056568922
L,7/23/2024,205,2024,6,9,220,0.040909091,0.041076751
L,7/23/2024,205,2024,6.5,7,223,0.031390135,0.031518783
L,7/23/2024,205,2024,7,2.3,216,0.010648148,0.010691788
L,7/23/2024,205,2024,8,1.1,219,0.005022831,0.005043416
T,7/24/2024,206,2024,0,548,415,1.320481928,1
T,7/24/2024,206,2024,0.25,1093,1364,0.801319648,0.606838785
T,7/24/2024,206,2024,0.5,697,1353,0.515151515,0.390123866
T,7/24/2024,206,2024,0.75,520,1360,0.382352941,0.289555603
T,7/24/2024,206,2024,1,122,489,0.249488753,0.18893765
T,7/24/2024,206,2024,1.5,67,449,0.14922049,0.113004568
T,7/24/2024,206,2024,2,41,535,0.076635514,0.058036019
T,7/24/2024,206,2024,2.5,38,1265,0.030039526,0.022748911
T,7/24/2024,206,2024,3,18,1446,0.012448133,0.009426962
T,7/24/2024,206,2024,3.5,10,1514,0.00660502,0.005001977
T,7/24/2024,206,2024,4,2.2,1597,0.001377583,0.001043243
T,7/24/2024,206,2024,4.5,1.1,1595,0.000689655,0.000522275
R,7/29/2024,211,2024,0,843,698,1.20773639,1
R,7/29/2024,211,2024,0.25,600,765,0.784313725,0.649408043
R,7/29/2024,211,2024,0.5,491,879,0.558589306,0.462509295
R,7/29/2024,211,2024,0.75,329,829,0.396863691,0.328601253
R,7/29/2024,211,2024,1,150,516,0.290697674,0.240696295
R,7/29/2024,211,2024,1.5,77,476,0.161764706,0.133940409
R,7/29/2024,211,2024,2,35,466,0.075107296,0.062188485
R,7/29/2024,211,2024,2.5,18,423,0.042553191,0.035233841
R,7/29/2024,211,2024,3,11,421,0.026128266,0.02163408
R,7/29/2024,211,2024,3.5,8,412,0.019417476,0.016077578
R,7/29/2024,211,2024,4,5,409,0.012224939,0.010122191
R,7/29/2024,211,2024,4.5,2,397,0.005037783,0.004171261
L,7/30/2024,212,2024,0,1048,827,1.267230955,1
L,7/30/2024,212,2024,0.25,841,825,1.019393939,0.804426324
L,7/30/2024,212,2024,0.5,704,828,0.850241546,0.670944426
L,7/30/2024,212,2024,0.75,605,831,0.728038508,0.574511303
L,7/30/2024,212,2024,1,477,820,0.581707317,0.459038121
L,7/30/2024,212,2024,1.5,352,737,0.47761194,0.376894155
L,7/30/2024,212,2024,2,254,702,0.361823362,0.285522825
L,7/30/2024,212,2024,2.5,181,722,0.250692521,0.197827018
L,7/30/2024,212,2024,3,130,712,0.18258427,0.144081289
L,7/30/2024,212,2024,3.5,99,733,0.135061392,0.106579934
L,7/30/2024,212,2024,4,72,724,0.099447514,0.078476235
L,7/30/2024,212,2024,4.5,54,749,0.072096128,0.056892651
L,7/30/2024,212,2024,5,40,766,0.052219321,0.041207422
L,7/30/2024,212,2024,5.5,31,765,0.040522876,0.031977498
L,7/30/2024,212,2024,6,10,756,0.013227513,0.010438124
L,7/30/2024,212,2024,6.5,6,726,0.008264463,0.006521671
T,7/31/2024,213,2024,0,1210,967,1.251292658,1
T,7/31/2024,213,2024,0.25,770,971,0.79299691,0.633742159
T,7/31/2024,213,2024,0.5,510,933,0.546623794,0.43684728
T,7/31/2024,213,2024,0.75,360,925,0.389189189,0.311029707
T,7/31/2024,213,2024,1,230,942,0.244161359,0.195127301
T,7/31/2024,213,2024,1.5,123,962,0.127858628,0.102181234
T,7/31/2024,213,2024,2,58,923,0.06283857,0.050218923
T,7/31/2024,213,2024,2.5,23,903,0.025470653,0.020355473
T,7/31/2024,213,2024,3,6,922,0.006507592,0.005200696
T,7/31/2024,213,2024,3.5,3,901,0.003329634,0.002660955
R,8/5/2024,218,2024,0,809,592,1.366554054,1
R,8/5/2024,218,2024,0.25,750,681,1.101321586,0.80591147
R,8/5/2024,218,2024,0.5,293,465,0.630107527,0.461092282
R,8/5/2024,218,2024,0.75,179,403,0.444168734,0.325028295
R,8/5/2024,218,2024,1,129,369,0.349593496,0.255821199
R,8/5/2024,218,2024,1.5,48.47,420,0.115404762,0.084449467
R,8/5/2024,218,2024,2,19.61,363,0.054022039,0.039531578
R,8/5/2024,218,2024,2.5,10.37,351,0.02954416,0.021619459
R,8/5/2024,218,2024,3,4.6,346,0.013294798,0.009728702
R,8/5/2024,218,2024,3.5,3.44,345,0.009971014,0.007296465
L,8/6/2024,219,2024,0,1244,978,1.27198364,0.930796434
L,8/6/2024,219,2024,0.25,906,1012,0.895256917,0.655120018
L,8/6/2024,219,2024,0.5,874,1000,0.874,0.639564895
L,8/6/2024,219,2024,0.75,722,1079,0.669138091,0.489653584
L,8/6/2024,219,2024,1,568,1021,0.556317336,0.40709501
L,8/6/2024,219,2024,1.5,438,1037,0.422372228,0.309078317
L,8/6/2024,219,2024,2,288,1099,0.262056415,0.191764398
L,8/6/2024,219,2024,2.5,219,1073,0.204100652,0.149354247
L,8/6/2024,219,2024,3,153,1089,0.140495868,0.102810326
L,8/6/2024,219,2024,3.5,103,1084,0.09501845,0.069531425
L,8/6/2024,219,2024,4,79,1048,0.075381679,0.055161872
L,8/6/2024,219,2024,4.5,56,1055,0.053080569,0.038842641
L,8/6/2024,219,2024,5,46,1061,0.043355325,0.031726023
L,8/6/2024,219,2024,5.5,30,1056,0.028409091,0.020788853
L,8/6/2024,219,2024,6,24,1070,0.022429907,0.016413479
L,8/6/2024,219,2024,6.5,15.9,1032,0.015406977,0.011274327
L,8/6/2024,219,2024,7,8.9,1034,0.00860735,0.00629858
T,8/7/2024,220,2024,0,174,163,1.067484663,1
T,8/7/2024,220,2024,0.25,92,137,0.671532847,0.629079621
T,8/7/2024,220,2024,0.5,62,128,0.484375,0.453753592
T,8/7/2024,220,2024,0.75,50,148,0.337837838,0.316480273
T,8/7/2024,220,2024,1,30,137,0.218978102,0.205134659
T,8/7/2024,220,2024,1.5,17,140,0.121428571,0.113752053
T,8/7/2024,220,2024,2,4.6,139,0.033093525,0.031001406
T,8/7/2024,220,2024,2.5,3.5,136,0.025735294,0.02410835
T,8/7/2024,220,2024,3,1.1,136,0.008088235,0.00757691
R,8/12/2024,225,2024,0,1113,928,1.199353448,1
R,8/12/2024,225,2024,0.25,840,946,0.88794926,0.740356616
R,8/12/2024,225,2024,0.5,588,950,0.618947368,0.516067527
R,8/12/2024,225,2024,0.75,444,953,0.465897167,0.388456937
R,8/12/2024,225,2024,1,357,983,0.363173957,0.302808115
R,8/12/2024,225,2024,1.5,196,999,0.196196196,0.163584969
R,8/12/2024,225,2024,2,110,1005,0.109452736,0.091259784
R,8/12/2024,225,2024,2.5,60,1029,0.058309038,0.048617059
R,8/12/2024,225,2024,3,35,1024,0.034179688,0.028498428
R,8/12/2024,225,2024,3.5,23,1021,0.022526934,0.018782565
R,8/12/2024,225,2024,4,14,1012,0.013833992,0.011534541
R,8/12/2024,225,2024,4.5,9,1014,0.00887574,0.007400437
L,8/13/2024,226,2024,0,1148,824,1.393203883,1
L,8/13/2024,226,2024,0.25,949,844,1.124407583,0.80706607
L,8/13/2024,226,2024,0.5,760,852,0.892018779,0.64026435
L,8/13/2024,226,2024,0.75,635,847,0.749704841,0.53811567
L,8/13/2024,226,2024,1,536,841,0.637336504,0.457461045
L,8/13/2024,226,2024,1.5,380,826,0.460048426,0.330208975
L,8/13/2024,226,2024,2,271,814,0.332923833,0.238962751
L,8/13/2024,226,2024,2.5,188,822,0.228710462,0.164161516
L,8/13/2024,226,2024,3,132,813,0.162361624,0.116538308
L,8/13/2024,226,2024,3.5,94,801,0.117353308,0.084232688
L,8/13/2024,226,2024,4,62,826,0.075060533,0.053876201
L,8/13/2024,226,2024,4.5,48,827,0.058041112,0.041660171
L,8/13/2024,226,2024,5,35,826,0.042372881,0.030413985
L,8/13/2024,226,2024,5.5,26,836,0.031100478,0.022322992
L,8/13/2024,226,2024,6,20,835,0.023952096,0.017192097
L,8/13/2024,226,2024,6.5,13,842,0.01543943,0.01108196
L,8/13/2024,226,2024,7,5,842,0.005938242,0.004262292
T,8/14/2024,227,2024,0,1108,858,1.291375291,1
T,8/14/2024,227,2024,0.25,757,862,0.878190255,0.680042634
T,8/14/2024,227,2024,0.5,444,847,0.52420307,0.405926204
T,8/14/2024,227,2024,0.75,295,828,0.356280193,0.275892063
T,8/14/2024,227,2024,1,213,865,0.246242775,0.190682582
T,8/14/2024,227,2024,1.5,98,821,0.119366626,0.092433723
T,8/14/2024,227,2024,2,40,799,0.050062578,0.03876687
T,8/14/2024,227,2024,2.5,17,831,0.02045728,0.015841468
T,8/14/2024,227,2024,3,8,865,0.009248555,0.007161787
R,8/19/2024,232,2024,0,1046,833,1.255702281,1
R,8/19/2024,232,2024,0.25,869,825,1.053333333,0.838840025
R,8/19/2024,232,2024,0.5,557,825,0.675151515,0.537668463
R,8/19/2024,232,2024,0.75,423,830,0.509638554,0.405859384
R,8/19/2024,232,2024,1,319,859,0.371362049,0.295740523
R,8/19/2024,232,2024,1.5,191,858,0.222610723,0.177279858
R,8/19/2024,232,2024,2,108,889,0.121484814,0.096746511
R,8/19/2024,232,2024,2.5,61,862,0.070765661,0.056355445
R,8/19/2024,232,2024,3,42.5,894,0.04753915,0.037858616
R,8/19/2024,232,2024,3.5,26.1,871,0.029965557,0.023863584
R,8/19/2024,232,2024,4,16,879,0.018202503,0.014495875
R,8/19/2024,232,2024,4.5,6.78,878,0.007722096,0.006149623
L,8/20/2024,233,2024,0,1238,951,1.301787592,1
L,8/20/2024,233,2024,0.25,1007,985,1.022335025,0.785331671
L,8/20/2024,233,2024,0.5,808,993,0.813695871,0.625060399
L,8/20/2024,233,2024,0.75,574,985,0.582741117,0.447646851
L,8/20/2024,233,2024,1,522,1002,0.520958084,0.400186703
L,8/20/2024,233,2024,1.5,397,980,0.405102041,0.311189048
L,8/20/2024,233,2024,2,280,985,0.284263959,0.218364318
L,8/20/2024,233,2024,2.5,191,1008,0.189484127,0.14555687
L,8/20/2024,233,2024,3,128,974,0.131416838,0.10095106
L,8/20/2024,233,2024,3.5,102,1028,0.09922179,0.076219646
L,8/20/2024,233,2024,4,62,877,0.070695553,0.054306519
L,8/20/2024,233,2024,4.5,50,1043,0.047938639,0.036825238
L,8/20/2024,233,2024,5,36,1038,0.034682081,0.026641889
L,8/20/2024,233,2024,5.5,26,1017,0.025565388,0.019638679
L,8/20/2024,233,2024,6,17,1057,0.016083254,0.012354746
L,8/20/2024,233,2024,6.5,14,1042,0.013435701,0.010320962
L,8/20/2024,233,2024,7,2,1025,0.00195122,0.001498877
T,8/21/2024,234,2024,0,1126,909,1.238723872,1
T,8/21/2024,234,2024,0.25,813,883,0.920724802,0.743284942
T,8/21/2024,234,2024,0.5,419,912,0.459429825,0.370889619
T,8/21/2024,234,2024,0.75,284,912,0.311403509,0.251390577
T,8/21/2024,234,2024,1,158,899,0.175750834,0.141880558
T,8/21/2024,234,2024,1.5,100,794,0.125944584,0.101672848
T,8/21/2024,234,2024,2,49,803,0.061021171,0.049261318
T,8/21/2024,234,2024,2.5,18.5,809,0.022867738,0.018460723
T,8/21/2024,234,2024,3,8,806,0.009925558,0.008012729
