"Lake","Date","Depth","Rep","Filter_volume","Extract_time","Analysis_time","Fb","Fa","Methanol_blank","solid_standard_before","methanol_blank_after","solid_standard_after","Chlorophyll","DOY"
"Peter","5/20/2024",0,"B",200,"9:18:00","9:36:00",85320.73,49912.41,437.47,231913.89,430.52,234197.48,14.7806136641419,141
"Peter","5/20/2024",0,"A",200,"9:18:00","9:36:00",82910.73,49648.99,437.47,231913.89,430.52,234197.48,14.360963441818,141
"Peter","5/20/2024",0.4,"B",200,"9:18:00","9:36:00",88545.7,53031.25,437.47,231913.89,430.52,234197.48,15.3421735718133,141
"Peter","5/20/2024",0.4,"A",200,"9:18:00","9:36:00",85577.78,53055.81,437.47,231913.89,430.52,234197.48,14.8253734523778,141
"Peter","5/20/2024",0.9,"B",200,"9:18:00","9:36:00",95335.36,58597.12,437.47,231913.89,430.52,234197.48,16.5244483969187,141
"Peter","5/20/2024",0.9,"A",200,"9:18:00","9:36:00",92210.6,56923.46,437.47,231913.89,430.52,234197.48,15.9803379285748,141
"Peter","5/20/2024",2.1,"A",200,"9:18:00","9:36:00",124022.95,73282.34,437.47,231913.89,430.52,234197.48,21.519781808304,141
"Peter","5/20/2024",2.1,"B",200,"9:18:00","9:36:00",122493.66,75382.2,437.47,231913.89,430.52,234197.48,21.2534884935746,141
"Peter","5/20/2024",2.9,"B",200,"9:18:00","9:36:00",126516.25,77539.88,437.47,231913.89,430.52,234197.48,21.9539369532502,141
"Peter","5/20/2024",2.9,"A",200,"9:18:00","9:36:00",126927.72,78614.26,437.47,231913.89,430.52,234197.48,22.0255856988849,141
"Peter","5/20/2024",4.75,"B",200,"9:18:00","9:36:00",1054005,575496.75,437.47,231913.89,430.52,234197.48,183.456368546805,141
"Peter","5/20/2024",4.75,"A",200,"9:18:00","9:36:00",1025513.94,573692,437.47,231913.89,430.52,234197.48,178.495256653342,141
"Paul","5/21/2024",0,"B",200,"10:37:00","10:56:00",54597.82,29494.48,426.63,234561.34,424.28,233562.54,9.43276013570672,142
"Paul","5/21/2024",0,"A",200,"10:37:00","10:56:00",50366.05,25020.4,426.63,234561.34,424.28,233562.54,8.69588742976321,142
"Paul","5/21/2024",0.7,"B",200,"10:37:00","10:56:00",59192.02,31564.46,426.63,234561.34,424.28,233562.54,10.2327423147112,142
"Paul","5/21/2024",0.7,"A",200,"10:37:00","10:56:00",66555.88,35358.29,426.63,234561.34,424.28,233562.54,11.5150018525379,142
"Paul","5/21/2024",1.75,"B",200,"10:37:00","10:56:00",65946.23,32609.9,426.63,234561.34,424.28,233562.54,11.4088442765878,142
"Paul","5/21/2024",1.75,"A",200,"10:37:00","10:56:00",68833.38,38257.18,426.63,234561.34,424.28,233562.54,11.9115800190702,142
"Paul","5/21/2024",4.1,"B",200,"10:37:00","10:56:00",76312.64,44929.82,426.63,234561.34,424.28,233562.54,13.2139340115261,142
"Paul","5/21/2024",4.1,"A",200,"10:37:00","10:56:00",77376.55,45927.05,426.63,234561.34,424.28,233562.54,13.3991913011662,142
"Paul","5/21/2024",5.2,"B",200,"10:37:00","10:56:00",223709.55,129015.73,426.63,234561.34,424.28,233562.54,38.8799697174862,142
"Paul","5/21/2024",5.2,"A",200,"10:37:00","10:56:00",202782.41,116933.25,426.63,234561.34,424.28,233562.54,35.2359535541648,142
"Paul","5/21/2024",6.7,"B",200,"10:37:00","10:56:00",2092646.62,1111178.5,426.63,234561.34,424.28,233562.54,364.31559500171,142
"Paul","5/21/2024",6.7,"A",200,"10:37:00","10:56:00",2030426.62,1063339.62,426.63,234561.34,424.28,233562.54,353.481305859388,142
"Tuesday","5/22/2024",0,"A",200,"11:40:00","11:52:00",264219.59,150864.41,404.96,231029.83,406.59,230299.86,45.9377046190091,143
"Tuesday","5/22/2024",0,"B",200,"11:40:00","11:52:00",266971.62,155405.02,404.96,231029.83,406.59,230299.86,46.4169120884456,143
"Tuesday","5/22/2024",0.4,"A",200,"11:40:00","11:52:00",263157.28,152821.34,404.96,231029.83,406.59,230299.86,45.7527259353257,143
"Tuesday","5/22/2024",0.4,"B",200,"11:40:00","11:52:00",253112.53,151510.23,404.96,231029.83,406.59,230299.86,44.0036464454134,143
"Tuesday","5/22/2024",1.1,"A",200,"11:40:00","11:52:00",252851.53,147158.05,404.96,231029.83,406.59,230299.86,43.9581988487219,143
"Tuesday","5/22/2024",1.1,"B",200,"11:40:00","11:52:00",246760.59,141814.52,404.96,231029.83,406.59,230299.86,42.8975912449203,143
"Tuesday","5/22/2024",1.9,"A",200,"11:40:00","11:52:00",311462.94,176446.66,404.96,231029.83,406.59,230299.86,54.1641288226723,143
"Tuesday","5/22/2024",1.9,"B",200,"11:40:00","11:52:00",323838.03,180454.94,404.96,231029.83,406.59,230299.86,56.3189874408378,143
"Tuesday","5/22/2024",2.4,"A",200,"11:40:00","11:52:00",555959.56,311889.41,404.96,231029.83,406.59,230299.86,96.7380130303302,143
"Tuesday","5/22/2024",2.4,"B",200,"11:40:00","11:52:00",559218.44,317283.44,404.96,231029.83,406.59,230299.86,97.305477642997,143
"Tuesday","5/22/2024",3.3,"A",200,"11:40:00","11:52:00",1118090.5,627331.81,404.96,231029.83,406.59,230299.86,194.621155746585,143
"Tuesday","5/22/2024",3.3,"B",200,"11:40:00","11:52:00",1184949.5,652084,404.96,231029.83,406.59,230299.86,206.2632280347,143
"Peter","5/27/2024",0,"A",200,"9:40:00","9:48:00",64985.73,36829.44,470.28,230083,401.8,236145,11.2339929194315,148
"Peter","5/27/2024",0,"B",200,"9:40:00","9:48:00",55107.01,32859.64,470.28,230083,401.8,236145,9.51382402139165,148
"Peter","5/27/2024",0.7,"A",200,"9:40:00","9:48:00",76813.51,47420.05,470.28,230083,401.8,236145,13.293549146236,148
"Peter","5/27/2024",0.7,"B",200,"9:40:00","9:48:00",80859.83,50105.7,470.28,230083,401.8,236145,13.9981296805073,148
"Peter","5/27/2024",1.5,"A",200,"9:40:00","9:48:00",75930.1,40064.56,470.28,230083,401.8,236145,13.1397220910895,148
"Peter","5/27/2024",1.5,"B",200,"9:40:00","9:48:00",78457.36,46831.23,470.28,230083,401.8,236145,13.5797906474672,148
"Peter","5/27/2024",2.5,"A",200,"9:40:00","9:48:00",97812.81,64439.95,470.28,230083,401.8,236145,16.9501304382059,148
"Peter","5/27/2024",2.5,"B",200,"9:40:00","9:48:00",97450.9,64623.64,470.28,230083,401.8,236145,16.8871115120809,148
"Peter","5/27/2024",3.1,"A",200,"9:40:00","9:48:00",195313.44,120353.72,470.28,230083,401.8,236145,33.9277906275111,148
"Peter","5/27/2024",3.1,"B",200,"9:40:00","9:48:00",206557.73,126201.3,470.28,230083,401.8,236145,35.885744485758,148
"Peter","5/27/2024",4.4,"A",200,"9:40:00","9:48:00",535529,311814.47,470.28,230083,401.8,236145,93.1690916200708,148
"Peter","5/27/2024",4.4,"B",200,"9:40:00","9:48:00",517283,302248.34,470.28,230083,401.8,236145,89.9919389410156,148
"Paul","5/28/2024",0,"A",200,"10:52:00","11:01:00",53204.57,29855.79,413.49,237943,434.76,232188,9.19244334386791,149
"Paul","5/28/2024",0,"B",200,"10:52:00","11:01:00",55337.77,31356.5,413.49,237943,434.76,232188,9.56389473567765,149
"Paul","5/28/2024",1.1,"A",200,"10:52:00","11:01:00",53858.68,30155.21,413.49,237943,434.76,232188,9.30634268284066,149
"Paul","5/28/2024",1.1,"B",200,"10:52:00","11:01:00",57861.64,34410.81,413.49,237943,434.76,232188,10.0033729956846,149
"Paul","5/28/2024",1.9,"A",200,"10:52:00","11:01:00",63661.93,35405.61,413.49,237943,434.76,232188,11.013370086159,149
"Paul","5/28/2024",1.9,"B",200,"10:52:00","11:01:00",74559.28,42261.21,413.49,237943,434.76,232188,12.9109117252636,149
"Paul","5/28/2024",3.6,"A",200,"10:52:00","11:01:00",73188.29,43562.86,413.49,237943,434.76,232188,12.6721829873781,149
"Paul","5/28/2024",3.6,"B",200,"10:52:00","11:01:00",76617.5,47688.2,413.49,237943,434.76,232188,13.2693069454261,149
"Paul","5/28/2024",4.7,"A",200,"10:52:00","11:01:00",210244,120974.58,413.49,237943,434.76,232188,36.5375187435057,149
"Paul","5/28/2024",4.7,"B",200,"10:52:00","11:01:00",226570,130148,413.49,237943,434.76,232188,39.3803442744853,149
"Paul","5/28/2024",5.9,"A",200,"10:52:00","11:01:00",388190,236479,413.49,237943,434.76,232188,67.5230284786337,149
"Paul","5/28/2024",5.9,"B",200,"10:52:00","11:01:00",360469,216681,413.49,237943,434.76,232188,62.6960061495705,149
"Tuesday","5/29/2024",0,"A",200,"11:52:00","12:02:00",144707.42,84960.54,426.62,230917,417.27,244856.22,25.1234314510697,150
"Tuesday","5/29/2024",0,"B",200,"11:52:00","12:02:00",143145.33,85790.4,426.62,230917,417.27,244856.22,24.8514267142274,150
"Tuesday","5/29/2024",0.5,"A",200,"11:52:00","12:02:00",144155.94,88483.51,426.62,230917,417.27,244856.22,25.0274029429339,150
"Tuesday","5/29/2024",0.5,"B",200,"11:52:00","12:02:00",151009.31,91045.07,426.62,230917,417.27,244856.22,26.2207715089789,150
"Tuesday","5/29/2024",1.2,"A",200,"11:52:00","12:02:00",147161.12,88838.64,426.62,230917,417.27,244856.22,25.5506910985869,150
"Tuesday","5/29/2024",1.2,"B",200,"11:52:00","12:02:00",147603.25,86826.66,426.62,230917,417.27,244856.22,25.6276786308674,150
"Tuesday","5/29/2024",1.9,"A",200,"11:52:00","12:02:00",220065,130685.05,426.62,230917,417.27,244856.22,38.2453506215242,150
"Tuesday","5/29/2024",1.9,"B",200,"11:52:00","12:02:00",219632,128510.8,426.62,230917,417.27,244856.22,38.1699528844842,150
"Tuesday","5/29/2024",2.4,"A",200,"11:52:00","12:02:00",294972,167943.98,426.62,230917,417.27,244856.22,51.2888108719891,150
"Tuesday","5/29/2024",2.4,"B",200,"11:52:00","12:02:00",299553,170541.02,426.62,230917,417.27,244856.22,52.0864945518505,150
"Tuesday","5/29/2024",3.5,"A",200,"11:52:00","12:02:00",984725,522329,426.62,230917,417.27,244856.22,171.394619917057,150
"Tuesday","5/29/2024",3.5,"B",200,"11:52:00","12:02:00",982462,548784,426.62,230917,417.27,244856.22,171.000566617008,150
"Peter","6/3/2024",0,"A",200,"9:05:00","9:20:00",59479.5,33648.73,537.66,239165.42,479.52,238528,10.2634673278767,155
"Peter","6/3/2024",0,"B",200,"9:05:00","9:20:00",62397.89,36431.73,537.66,239165.42,479.52,238528,10.7716428516643,155
"Peter","6/3/2024",0.55,"A",200,"9:05:00","9:20:00",71945.19,41326.62,537.66,239165.42,479.52,238528,12.4341020083421,155
"Peter","6/3/2024",0.55,"B",200,"9:05:00","9:20:00",62615.27,37299.17,537.66,239165.42,479.52,238528,10.8094949534605,155
"Peter","6/3/2024",1.3,"A",200,"9:05:00","9:20:00",103879,61308.24,537.66,239165.42,479.52,238528,17.9946955627616,155
"Peter","6/3/2024",1.3,"B",200,"9:05:00","9:20:00",104140,61500.88,537.66,239165.42,479.52,238528,18.0401431594531,155
"Peter","6/3/2024",2.3,"A",200,"9:05:00","9:20:00",88705.3,54360.13,537.66,239165.42,479.52,238528,15.3525185592441,155
"Peter","6/3/2024",2.3,"B",200,"9:05:00","9:20:00",80034.39,49415.66,537.66,239165.42,479.52,238528,13.8426640740778,155
"Peter","6/3/2024",3,"A",200,"9:05:00","9:20:00",88610.23,57509.93,537.66,239165.42,479.52,238528,15.3359641415527,155
"Peter","6/3/2024",3,"B",200,"9:05:00","9:20:00",64800.67,41647.27,537.66,239165.42,479.52,238528,11.1900358646085,155
"Peter","6/3/2024",4.3,"A",200,"9:05:00","9:20:00",699731,403846,537.66,239165.42,479.52,238528,121.749643393539,155
"Peter","6/3/2024",4.3,"B",200,"9:05:00","9:20:00",689182,400173,537.66,239165.42,479.52,238528,119.912759495076,155
"Paul","6/4/2024",0,"A",200,"10:13:00","10:31:00",34876.45,20610.2,496.89,238140,460.09,244844,5.9864688785891,156
"Paul","6/4/2024",0,"B",200,"10:13:00","10:31:00",35509.05,20523.31,496.89,238140,460.09,244844,6.09662270873107,156
"Paul","6/4/2024",0.95,"A",200,"10:13:00","10:31:00",48617.44,28567.53,496.89,238140,460.09,244844,8.37916991944024,156
"Paul","6/4/2024",0.95,"B",200,"10:13:00","10:31:00",46902.58,27006.6,496.89,238140,460.09,244844,8.08056353759192,156
"Paul","6/4/2024",2.1,"A",200,"10:13:00","10:31:00",48881.57,29265.54,496.89,238140,460.09,244844,8.42516253903461,156
"Paul","6/4/2024",2.1,"B",200,"10:13:00","10:31:00",53753.39,32591.75,496.89,238140,460.09,244844,9.27348633410609,156
"Paul","6/4/2024",3.7,"A",200,"10:13:00","10:31:00",74889.25,44326,496.89,238140,460.09,244844,12.9538466444828,156
"Paul","6/4/2024",3.7,"B",200,"10:13:00","10:31:00",72138.13,42454.96,496.89,238140,460.09,244844,12.4747976321841,156
"Paul","6/4/2024",4.9,"A",200,"10:13:00","10:31:00",168277,98923.73,496.89,238140,460.09,244844,29.2153362917168,156
"Paul","6/4/2024",4.9,"B",200,"10:13:00","10:31:00",167228,96898.91,496.89,238140,460.09,244844,29.032675261336,156
"Paul","6/4/2024",6.8,"A",200,"10:13:00","10:31:00",803534,463284,496.89,238140,460.09,244844,139.831826450575,156
"Paul","6/4/2024",6.8,"B",200,"10:13:00","10:31:00",825625,472139,496.89,238140,460.09,244844,143.678504069396,156
"Tuesday","6/5/2024",0,"A",200,"11:21:00","11:29:00",198220.08,112039.61,448.64,244003.95,433.1,237639.12,34.4376882843687,157
"Tuesday","6/5/2024",0,"B",200,"11:21:00","11:29:00",171522.78,98722.45,448.64,244003.95,433.1,237639.12,29.7889215289956,157
"Tuesday","6/5/2024",0.35,"A",200,"11:21:00","11:29:00",145686.2,82731.12,448.64,244003.95,433.1,237639.12,25.2900308480451,157
"Tuesday","6/5/2024",0.35,"B",200,"11:21:00","11:29:00",144589.25,83273.33,448.64,244003.95,433.1,237639.12,25.0990203453985,157
"Tuesday","6/5/2024",0.85,"A",200,"11:21:00","11:29:00",139195.97,80020.05,448.64,244003.95,433.1,237639.12,24.1598953864544,157
"Tuesday","6/5/2024",0.85,"B",200,"11:21:00","11:29:00",137219.75,79529.54,448.64,244003.95,433.1,237639.12,23.8157787215743,157
"Tuesday","6/5/2024",1.9,"A",200,"11:21:00","11:29:00",156695.64,90770.88,448.64,244003.95,433.1,237639.12,27.2070905757058,157
"Tuesday","6/5/2024",1.9,"B",200,"11:21:00","11:29:00",158128.86,90284.14,448.64,244003.95,433.1,237639.12,27.4566553440208,157
"Tuesday","6/5/2024",2.4,"A",200,"11:21:00","11:29:00",164142.2,96038.13,448.64,244003.95,433.1,237639.12,28.503750558921,157
"Tuesday","6/5/2024",2.4,"B",200,"11:21:00","11:29:00",164822.56,96044.48,448.64,244003.95,433.1,237639.12,28.6222207768713,157
"Tuesday","6/5/2024",3.4,"A",200,"11:21:00","11:29:00",3209309,1546588,448.64,244003.95,433.1,237639.12,558.754756630923,157
"Tuesday","6/5/2024",3.4,"B",200,"11:21:00","11:29:00",3674242,1729523,448.64,244003.95,433.1,237639.12,639.712946181024,157
"Peter","6/10/2024",0,"A",200,"8:53:00","9:04:00",79177.45,44892.37,441.16,241482.86,403.53,232961.58,13.7102496279931,162
"Peter","6/10/2024",0,"B",200,"8:53:00","9:04:00",103531.11,58527.78,441.16,241482.86,403.53,232961.58,17.9509213430977,162
"Peter","6/10/2024",0.5,"A",200,"8:53:00","9:04:00",83169.91,47495.66,441.16,241482.86,403.53,232961.58,14.405451589246,162
"Peter","6/10/2024",0.5,"B",200,"8:53:00","9:04:00",90257.36,52211.84,441.16,241482.86,403.53,232961.58,15.6395802067605,162
"Peter","6/10/2024",1.2,"A",200,"8:53:00","9:04:00",61304.73,32236.03,441.16,241482.86,403.53,232961.58,10.598095718643,162
"Peter","6/10/2024",1.2,"B",200,"8:53:00","9:04:00",85938.51,55647.01,441.16,241482.86,403.53,232961.58,14.887544371622,162
"Peter","6/10/2024",2,"A",200,"8:53:00","9:04:00",125374.46,70928.61,441.16,241482.86,403.53,232961.58,21.7544759836786,162
"Peter","6/10/2024",2,"B",200,"8:53:00","9:04:00",136396.66,77350.07,441.16,241482.86,403.53,232961.58,23.6737575938442,162
"Peter","6/10/2024",2.7,"A",200,"8:53:00","9:04:00",105738.66,59925.16,441.16,241482.86,403.53,232961.58,18.3353192054592,162
"Peter","6/10/2024",2.7,"B",200,"8:53:00","9:04:00",120814.84,63654.18,441.16,241482.86,403.53,232961.58,20.9605151759139,162
"Peter","6/10/2024",4.4,"A",200,"8:53:00","9:04:00",309213.84,179033.23,441.16,241482.86,403.53,232961.58,53.766192452101,162
"Peter","6/10/2024",4.4,"B",200,"8:53:00","9:04:00",341641.62,200716.45,441.16,241482.86,403.53,232961.58,59.412800371799,162
"Paul","6/11/2024",0,"A",200,"9:55:00","10:04:00",40586.62,24472.57,405.63,239628.52,400.78,234341.69,6.99666447580772,163
"Paul","6/11/2024",0,"B",200,"9:55:00","10:04:00",42050.29,25261.98,405.63,239628.52,400.78,234341.69,7.25153146373672,163
"Paul","6/11/2024",1.1,"A",200,"9:55:00","10:04:00",41761.7,24658.94,405.63,239628.52,400.78,234341.69,7.20127965557885,163
"Paul","6/11/2024",1.1,"B",200,"9:55:00","10:04:00",38117.07,22221.36,405.63,239628.52,400.78,234341.69,6.56664488803173,163
"Paul","6/11/2024",2.3,"A",200,"9:55:00","10:04:00",43412.89,24477.26,405.63,239628.52,400.78,234341.69,7.48879926163656,163
"Paul","6/11/2024",2.3,"B",200,"9:55:00","10:04:00",38924.38,22740.65,405.63,239628.52,400.78,234341.69,6.70722074736134,163
"Paul","6/11/2024",4,"A",200,"9:55:00","10:04:00",82792.73,50685.82,405.63,239628.52,400.78,234341.69,14.3459605110481,163
"Paul","6/11/2024",4,"B",200,"9:55:00","10:04:00",90119.2,53361.95,405.63,239628.52,400.78,234341.69,15.6217093759235,163
"Paul","6/11/2024",5.3,"A",200,"9:55:00","10:04:00",131476.36,75133.02,405.63,239628.52,400.78,234341.69,22.8231788318104,163
"Paul","6/11/2024",5.3,"B",200,"9:55:00","10:04:00",142605.61,83527.16,405.63,239628.52,400.78,234341.69,24.7611009217684,163
"Paul","6/11/2024",7.4,"A",200,"9:55:00","10:04:00",1950215.25,1032881.38,405.63,239628.52,400.78,234341.69,339.517859137919,163
"Paul","6/11/2024",7.4,"B",200,"9:55:00","10:04:00",1907764.38,989211.81,405.63,239628.52,400.78,234341.69,332.125943356448,163
"Tuesday","6/12/2024",0,"A",200,"11:04","11:13",127020.72,78994.2,400.9,236391.44,382.55,324997.67,22.0481475575183,164
"Tuesday","6/12/2024",0,"B",200,"11:04","11:13",126118.52,78920.48,400.9,236391.44,382.55,324997.67,21.8910486236674,164
"Tuesday","6/12/2024",0.5,"A",200,"11:04","11:13",133432.14,79989.83,400.9,236391.44,382.55,324997.67,23.1645599344528,164
"Tuesday","6/12/2024",0.5,"B",200,"11:04","11:13",140115.4,86683.61,400.9,236391.44,382.55,324997.67,24.3283074634357,164
"Tuesday","6/12/2024",1,"A",200,"11:04","11:13",150032.81,93254.54,400.9,236391.44,382.55,324997.67,26.0552134017668,164
"Tuesday","6/12/2024",1,"B",200,"11:04","11:13",138244.27,84224.3,400.9,236391.44,382.55,324997.67,24.0024899860511,164
"Tuesday","6/12/2024",1.9,"A",200,"11:04","11:13",132492.81,81389.86,400.9,236391.44,382.55,324997.67,23.0009956011186,164
"Tuesday","6/12/2024",1.9,"B",200,"11:04","11:13",135811.22,82512.95,400.9,236391.44,382.55,324997.67,23.578826096663,164
"Tuesday","6/12/2024",2.4,"A",200,"11:04","11:13",222134.88,124832.8,400.9,236391.44,382.55,324997.67,38.6102547733507,164
"Tuesday","6/12/2024",2.4,"B",200,"11:04","11:13",201979,114730.8,400.9,236391.44,382.55,324997.67,35.1005371288964,164
"Tuesday","6/12/2024",3.4,"A",200,"11:04","11:13",1260525,655095.12,400.9,236391.44,382.55,324997.67,219.423800299076,164
"Tuesday","6/12/2024",3.4,"B",200,"11:04","11:13",1333692.75,704543.44,400.9,236391.44,382.55,324997.67,232.16440716814,164
"Peter","6/17/2024",0,"A",200,"9:57","10:06",286809,157721,396.42,238364,396.33,239996,49.8726567939325,169
"Peter","6/17/2024",0,"B",200,"9:57","10:06",294212,162434,396.42,238364,396.33,239996,51.1617317299758,169
"Peter","6/17/2024",0.45,"A",200,"9:57","10:06",273336,152000,396.42,238364,396.33,239996,47.5266205095464,169
"Peter","6/17/2024",0.45,"B",200,"9:57","10:06",283241,158368,396.42,238364,396.33,239996,49.2513655104256,169
"Peter","6/17/2024",1.2,"A",200,"9:57","10:06",269181,149547,396.42,238364,396.33,239996,46.8031156656642,169
"Peter","6/17/2024",1.2,"B",200,"9:57","10:06",264898,147322,396.42,238364,396.33,239996,46.0573223452437,169
"Peter","6/17/2024",1.9,"A",200,"9:57","10:06",426863,237435,396.42,238364,396.33,239996,74.2600809588119,169
"Peter","6/17/2024",1.9,"B",200,"9:57","10:06",452001,250686,396.42,238364,396.33,239996,78.6373287964797,169
"Peter","6/17/2024",2.5,"A",200,"9:57","10:06",207996,132422,396.42,238364,396.33,239996,36.1490497516015,169
"Peter","6/17/2024",2.5,"B",200,"9:57","10:06",205261,115192,396.42,238364,396.33,239996,35.6728076943168,169
"Peter","6/17/2024",3.9,"A",200,"9:57","10:06",156261,94629.55,396.42,238364,396.33,239996,27.1405002694729,169
"Peter","6/17/2024",3.9,"B",200,"9:57","10:06",156060,92679.59,396.42,238364,396.33,239996,27.1055003961588,169
"Paul","6/18/2014",0,"A",200,"10:55","11:02",47696.07,27253.83,491.08,237626,404.59,239964,8.21974462585064,169
"Paul","6/18/2014",0,"B",200,"10:55","11:02",49879.14,29094.03,491.08,237626,404.59,239964,8.59987981707419,169
"Paul","6/18/2014",0.9,"A",200,"10:55","11:02",58623.17,34144.52,491.08,237626,404.59,239964,10.1224665944631,169
"Paul","6/18/2014",0.9,"B",200,"10:55","11:02",63779.55,36834.32,491.08,237626,404.59,239964,11.020340458939,169
"Paul","6/18/2014",2.2,"A",200,"10:55","11:02",60350.18,35166.25,491.08,237626,404.59,239964,10.4231886402954,169
"Paul","6/18/2014",2.2,"B",200,"10:55","11:02",58466.5,34653.2,491.08,237626,404.59,239964,10.0951858474376,169
"Paul","6/18/2014",3.5,"A",200,"10:55","11:02",71755.65,44297.52,491.08,237626,404.59,239964,12.4092085661083,169
"Paul","6/18/2014",3.5,"B",200,"10:55","11:02",64965.39,39437.39,491.08,237626,404.59,239964,11.2268292637691,169
"Paul","6/18/2014",4.7,"A",200,"10:55","11:02",126257,75701.56,491.08,237626,404.59,239964,21.8994590409862,169
"Paul","6/18/2014",4.7,"B",200,"10:55","11:02",124582,74742.3,491.08,237626,404.59,239964,21.6077934300349,169
"Paul","6/18/2014",6.7,"A",200,"10:55","11:02",423652,241427,491.08,237626,404.59,239964,73.6844706044851,169
"Paul","6/18/2014",6.7,"B",200,"10:55","11:02",425444,249133,491.08,237626,404.59,239964,73.9965092760223,169
"Tuesday","6/19/2024",0,"A",200,"11:43","11:50",309034,167673,404.64,231220,397.24,239964,53.7412363235269,171
"Tuesday","6/19/2024",0,"B",200,"11:43","11:50",292263,162717,404.64,231220,397.24,239964,50.8209235108319,171
"Tuesday","6/19/2024",0.5,"A",200,"11:43","11:50",316255,175605,404.64,231220,397.24,239964,54.9986198319922,171
"Tuesday","6/19/2024",0.5,"B",200,"11:43","11:50",317277,176591,404.64,231220,397.24,239964,55.1765793868532,171
"Tuesday","6/19/2024",0.875,"A",200,"11:43","11:50",340944,185290,404.64,231220,397.24,239964,59.2976838730528,171
"Tuesday","6/19/2024",0.875,"B",200,"11:43","11:50",337364,185287,404.64,231220,397.24,239964,58.6743030448703,171
"Tuesday","6/19/2024",1.7,"A",200,"11:43","11:50",252464,149604,404.64,231220,397.24,239964,43.8907744659061,171
"Tuesday","6/19/2024",1.7,"B",200,"11:43","11:50",256927,148136,404.64,231220,397.24,239964,44.6679109564587,171
"Tuesday","6/19/2024",2.1,"A",200,"11:43","11:50",216587,128724,404.64,231220,397.24,239964,37.6435582724138,171
"Tuesday","6/19/2024",2.1,"B",200,"11:43","11:50",211010,128929,404.64,231220,397.24,239964,36.6724423844882,171
"Tuesday","6/19/2024",3,"A",200,"11:43","11:50",401114,225741,404.64,231220,397.24,239964,69.7750091333152,171
"Tuesday","6/19/2024",3,"B",200,"11:43","11:50",416351,234914,404.64,231220,397.24,239964,72.4282084849957,171
"Peter","6/24/2024",0,"A",200,"8:51","8:57",249096.72,134088.61,391.92,229745,416.4,241399,43.3066492170268,176
"Peter","6/24/2024",0,"B",200,"8:51","8:57",262122.22,144030.56,391.92,229745,416.4,241399,45.5747628978902,176
"Peter","6/24/2024",0.45,"A",200,"8:51","8:57",300043.84,164617.86,391.92,229745,416.4,241399,52.1780061609128,176
"Peter","6/24/2024",0.45,"B",200,"8:51","8:57",382282.91,214734.89,391.92,229745,416.4,241399,66.4981903971017,176
"Peter","6/24/2024",0.95,"A",200,"8:51","8:57",353797.1,191010.64,391.92,229745,416.4,241399,61.5379926794345,176
"Peter","6/24/2024",0.95,"B",200,"8:51","8:57",395571.1,224622.5,391.92,229745,416.4,241399,68.8120459521984,176
"Peter","6/24/2024",1.7,"A",200,"8:51","8:57",122292.2,73995.9,391.92,229745,416.4,241399,21.2263400843786,176
"Peter","6/24/2024",1.7,"B",200,"8:51","8:57",138980.5,84980.2,391.92,229745,416.4,241399,24.1322524516851,176
"Peter","6/24/2024",2.3,"A",200,"8:51","8:57",166722.1,93993.9,391.92,229745,416.4,241399,28.9628618324412,176
"Peter","6/24/2024",2.3,"B",200,"8:51","8:57",126146.66,77481.6,391.92,229745,416.4,241399,21.8975122818635,176
"Peter","6/24/2024",4,"A",200,"8:51","8:57",87303.64,55041.1,391.92,229745,416.4,241399,15.1338268135093,176
"Peter","6/24/2024",4,"B",200,"8:51","8:57",95838.55,61456.84,391.92,229745,416.4,241399,16.6199997923536,176
"Paul","6/25/2024",0,"A",200,"9:31","9:41",74726.7,42736,391.92,229745,416.4,241399,12.943820312615,177
"Paul","6/25/2024",0,"B",200,"9:31","9:41",67643.4,39176,391.92,229745,416.4,241399,11.7104143293008,177
"Paul","6/25/2024",1.1,"A",200,"9:31","9:41",67609.8,38722.34,391.92,229745,416.4,241399,11.7045636042095,177
"Paul","6/25/2024",1.1,"B",200,"9:31","9:41",67071.88,39767,391.92,229745,416.4,241399,11.610896281557,177
"Paul","6/25/2024",2,"A",200,"9:31","9:41",64340.96,37915,391.92,229745,416.4,241399,11.135364669462,177
"Paul","6/25/2024",2,"B",200,"9:31","9:41",65139.14,38888,391.92,229745,416.4,241399,11.274350733551,177
"Paul","6/25/2024",3.4,"A",200,"9:31","9:41",73169.03,44545,391.92,229745,416.4,241399,12.6725852247282,177
"Paul","6/25/2024",3.4,"B",200,"9:31","9:41",77440.51,46210,391.92,229745,416.4,241399,13.4163725822603,177
"Paul","6/25/2024",4.6,"A",200,"9:31","9:41",129620,76511,391.92,229745,416.4,241399,22.5023205404555,177
"Paul","6/25/2024",4.6,"B",200,"9:31","9:41",128563,75443,391.92,229745,416.4,241399,22.318266480291,177
"Paul","6/25/2024",6.6,"A",200,"9:31","9:41",1776570,1007663,391.92,229745,416.4,241399,309.283620812836,177
"Paul","6/25/2024",6.6,"B",200,"9:31","9:41",1799265,997680,391.92,229745,416.4,241399,313.235472180322,177
"Tuesday","6/26/2024",0,"A",200,"10:18","10:27",417296,226729,443.52,235771,443.71,239633,72.5859900034406,178
"Tuesday","6/26/2024",0,"B",200,"10:18","10:27",436292,244482,443.52,235771,443.71,239633,75.8937392247127,178
"Tuesday","6/26/2024",0.5,"A",200,"10:18","10:27",270106,156888,443.52,235771,443.71,239633,46.9559832715473,178
"Tuesday","6/26/2024",0.5,"B",200,"10:18","10:27",284239,163740,443.52,235771,443.71,239633,49.4169445130844,178
"Tuesday","6/26/2024",1,"A",200,"10:18","10:27",311451,177818,443.52,235771,443.71,239633,54.155335322163,178
"Tuesday","6/26/2024",1,"B",200,"10:18","10:27",338584,191625,443.52,235771,443.71,239633,58.8799699621281,178
"Tuesday","6/26/2024",1.7,"A",200,"10:18","10:27",343284,201516,443.52,235771,443.71,239633,59.6983749600213,178
"Tuesday","6/26/2024",1.7,"B",200,"10:18","10:27",332331,199992,443.52,235771,443.71,239633,57.7911430574842,178
"Tuesday","6/26/2024",2.3,"A",200,"10:18","10:27",288438,177259,443.52,235771,443.71,239633,50.1481110207766,178
"Tuesday","6/26/2024",2.3,"B",200,"10:18","10:27",282863,179384,443.52,235771,443.71,239633,49.1773433902969,178
"Tuesday","6/26/2024",3.3,"A",200,"10:18","10:27",326673,197401,443.52,235771,443.71,239633,56.8059227429992,178
"Tuesday","6/26/2024",3.3,"B",200,"10:18","10:27",320237,194516,443.52,235771,443.71,239633,55.6852302820544,178
"Peter","7/1/2024",0,"A",200,"9:30","9:39",112164,68760.34,409.77,237363,470.8,229735,19.4596213548309,183
"Peter","7/1/2024",0,"B",200,"9:30","9:39",112164.8,68969.84,409.77,237363,470.8,229735,19.4597606578092,183
"Peter","7/1/2024",0.4,"A",200,"9:30","9:39",110375.8,68296.74,409.77,237363,470.8,229735,19.1482443724409,183
"Peter","7/1/2024",0.4,"B",200,"9:30","9:39",110872.07,68320.79,409.77,237363,470.8,229735,19.2346592337823,183
"Peter","7/1/2024",0.9,"A",200,"9:30","9:39",112545.66,69499.21,409.77,237363,470.8,229735,19.5260793232342,183
"Peter","7/1/2024",0.9,"B",200,"9:30","9:39",113448,70879.53,409.77,237363,470.8,229735,19.6832026351064,183
"Peter","7/1/2024",1.7,"A",200,"9:30","9:39",106478,67194.88,409.77,237363,470.8,229735,18.469525436103,183
"Peter","7/1/2024",1.7,"B",200,"9:30","9:39",115621,73913.91,409.77,237363,470.8,229735,20.0615843500897,183
"Peter","7/1/2024",2.2,"A",200,"9:30","9:39",92431.26,60100.38,409.77,237363,470.8,229735,16.0235845382081,183
"Peter","7/1/2024",2.2,"B",200,"9:30","9:39",118667.42,75803.69,409.77,237363,470.8,229735,20.5920535742773,183
"Peter","7/1/2024",4,"A",200,"9:30","9:39",99244.73,68835.52,409.77,237363,470.8,229735,17.2100053682071,183
"Peter","7/1/2024",4,"B",200,"9:30","9:39",93907.64,64763.45,409.77,237363,470.8,229735,16.2806647022059,183
"Paul","7/2/2024",0,"A",200,"9:42","9:47",70119.09,40355.45,408.35,238232,384.42,241556,12.1386421325176,184
"Paul","7/2/2024",NA,"B",200,"9:42","9:47",73014.34,42800.23,408.35,238232,384.42,241556,12.6427883176559,184
"Paul","7/2/2024",0.65,"A",200,"9:42","9:47",72012.84,43015.88,408.35,238232,384.42,241556,12.4683984016155,184
"Paul","7/2/2024",0.65,"B",200,"9:42","9:47",72904.66,42816.01,408.35,238232,384.42,241556,12.6236898793221,184
"Paul","7/2/2024",1.9,"A",200,"9:42","9:47",70389.96,42337.24,408.35,238232,384.42,241556,12.1858083797047,184
"Paul","7/2/2024",1.9,"B",200,"9:42","9:47",71287.64,41995.47,408.35,238232,384.42,241556,12.3421202517278,184
"Paul","7/2/2024",3.5,"A",200,"9:42","9:47",70089.96,45894.02,408.35,238232,384.42,241556,12.1335697628179,184
"Paul","7/2/2024",3.5,"B",200,"9:42","9:47",66955.27,43496.32,408.35,238232,384.42,241556,11.5877301962549,184
"Paul","7/2/2024",4.9,"A",200,"9:42","9:47",87078.34,55167.22,408.35,238232,384.42,241556,15.0917346773091,184
"Paul","7/2/2024",4.9,"B",200,"9:42","9:47",86043.9,54537.08,408.35,238232,384.42,241556,14.9116089611345,184
"Paul","7/2/2024",6.1,"A",200,"9:42","9:47",233324,142498,408.35,238232,384.42,241556,40.5573046909661,184
"Paul","7/2/2024",6.1,"B",200,"9:42","9:47",244153,149832,408.35,238232,384.42,241556,42.4429446318566,184
"Tuesday","7/3/2024",0,"A",200,"10:30","10:30",286862,164384,389.28,243975,370.44,239548,49.8831288953311,185
"Tuesday","7/3/2024",0,"B",200,"10:30","10:30",283503,161311,389.28,243975,370.44,239548,49.2982305149219,185
"Tuesday","7/3/2024",0.5,"A",200,"10:30","10:30",393386,229223,389.28,243975,370.44,239548,68.4320169794958,185
"Tuesday","7/3/2024",0.5,"B",200,"10:30","10:30",370464,212041,389.28,243975,370.44,239548,64.4406383918984,185
"Tuesday","7/3/2024",1.9,"A",200,"10:30","10:30",306697,175977,389.28,243975,370.44,239548,53.3369721151633,185
"Tuesday","7/3/2024",1.9,"B",200,"10:30","10:30",344239,199901,389.28,243975,370.44,239548,59.8741126323774,185
"Tuesday","7/3/2024",3.5,"A",200,"10:30","10:30",467940,263646,389.28,243975,370.44,239548,81.4140097907573,185
"Tuesday","7/3/2024",3.5,"B",200,"10:30","10:30",486132,277799,389.28,243975,370.44,239548,84.5817595187728,185
"Tuesday","7/3/2024",4.9,"A",200,"10:30","10:30",417250,243693,389.28,243975,370.44,239548,72.5874248241177,185
"Tuesday","7/3/2024",4.9,"B",200,"10:30","10:30",422255,249823,389.28,243975,370.44,239548,73.4589390825125,185
"Tuesday","7/3/2024",6.1,"A",200,"10:30","10:30",412796,252751,389.28,243975,370.44,239548,71.8118554920717,185
"Tuesday","7/3/2024",6.1,"B",200,"10:30","10:30",403923,241662,389.28,243975,370.44,239548,70.2668113332832,185
"Peter","7/8/2024",0,"A",200,"8:45","8:57",258467,151181,429.22,233779,390.26,229353,44.9317891058007,190
"Peter","7/8/2024",0,"B",200,"8:45","8:57",250014,140252,429.22,233779,390.26,229353,43.4598790106537,190
"Peter","7/8/2024",0.35,"A",200,"8:45","8:57",287478,158061,429.22,233779,390.26,229353,49.9834374874772,190
"Peter","7/8/2024",0.35,"B",200,"8:45","8:57",305703,180038,429.22,233779,390.26,229353,53.1569334633502,190
"Peter","7/8/2024",1,"A",200,"8:45","8:57",280386,146049,429.22,233779,390.26,229353,48.7485165842732,190
"Peter","7/8/2024",1,"B",200,"8:45","8:57",260210,144229,429.22,233779,390.26,229353,45.235295469913,190
"Peter","7/8/2024",1.6,"A",200,"8:45","8:57",264429,144487,429.22,233779,390.26,229353,45.9699445520644,190
"Peter","7/8/2024",1.6,"B",200,"8:45","8:57",271379,149861,429.22,233779,390.26,229353,47.1801391766085,190
"Peter","7/8/2024",2.2,"A",200,"8:45","8:57",142642,84143.62,429.22,233779,390.26,229353,24.7633297694223,190
"Peter","7/8/2024",2.2,"B",200,"8:45","8:57",144771,90637.34,429.22,233779,390.26,229353,25.1340498205956,190
"Peter","7/8/2024",3.6,"A",200,"8:45","8:57",112392,72360.66,429.22,233779,390.26,229353,19.4959359000033,190
"Peter","7/8/2024",3.6,"B",200,"8:45","8:57",109806,70605.63,429.22,233779,390.26,229353,19.0456390224391,190
"Paul","7/9/2024",0,"A",200,"9:40","9:48",72112.8,43194.18,394.51,235068,396.54,241793.41,12.4882142502879,191
"Paul","7/9/2024",0,"B",200,"9:40","9:48",68695.95,40978.73,394.51,235068,396.54,241793.41,11.8932425232557,191
"Paul","7/9/2024",0.9,"A",200,"9:40","9:48",77771.37,46884.23,394.51,235068,396.54,241793.41,13.473533818145,191
"Paul","7/9/2024",0.9,"B",200,"9:40","9:48",70780.61,73151.06,394.51,235068,396.54,241793.41,12.2562417068532,191
"Paul","7/9/2024",1.9,"A",200,"9:40","9:48",70544.6,42982.85,394.51,235068,396.54,241793.41,12.2151455869483,191
"Paul","7/9/2024",1.9,"B",200,"9:40","9:48",66906.75,39846.02,394.51,235068,396.54,241793.41,11.5816914121428,191
"Paul","7/9/2024",3.2,"A",200,"9:40","9:48",77773.13,48828.91,394.51,235068,396.54,241793.41,13.4738402846974,191
"Paul","7/9/2024",3.2,"B",200,"9:40","9:48",77967.27,48119.69,394.51,235068,396.54,241793.41,13.5076456349721,191
"Paul","7/9/2024",4.4,"A",200,"9:40","9:48",100797,63756.91,394.51,235068,396.54,241793.41,17.4829573653023,191
"Paul","7/9/2024",4.4,"B",200,"9:40","9:48",98976.51,62177.98,394.51,235068,396.54,241793.41,17.1659577664482,191
"Paul","7/9/2024",6.6,"A",200,"9:40","9:48",1236005,717529.62,394.51,235068,396.54,241793.41,215.155276694735,191
"Paul","7/9/2024",6.6,"B",200,"9:40","9:48",1274451,718180.56,394.51,235068,396.54,241793.41,221.849829577501,191
"Tuesday","7/10/2024",0,"A",200,"10:51","10:57",232124,134984,375.68,232944,390.53,233838,40.3540390087979,192
"Tuesday","7/10/2024",0,"B",200,"10:51","10:57",232830,131583,375.68,232944,390.53,233838,40.4769738872048,192
"Tuesday","7/10/2024",0.5,"A",200,"10:51","10:57",271564,154117,375.68,232944,390.53,233838,47.2216758421825,192
"Tuesday","7/10/2024",0.5,"B",200,"10:51","10:57",254680,150712,375.68,232944,390.53,233838,44.2816864837934,192
"Tuesday","7/10/2024",1,"A",200,"10:51","10:57",275708,160661,375.68,232944,390.53,233838,47.9432652701121,192
"Tuesday","7/10/2024",1,"B",200,"10:51","10:57",277359,162135,375.68,232944,390.53,233838,48.2307517917125,192
"Tuesday","7/10/2024",1.8,"A",200,"10:51","10:57",338114,198046,375.68,232944,390.53,233838,58.8099423549041,192
"Tuesday","7/10/2024",1.8,"B",200,"10:51","10:57",334891,199563,375.68,232944,390.53,233838,58.2487254808169,192
"Tuesday","7/10/2024",2.3,"A",200,"10:51","10:57",483553,280544,375.68,232944,390.53,233838,84.1350496929015,192
"Tuesday","7/10/2024",2.3,"B",200,"10:51","10:57",492556,284456,375.68,232944,390.53,233838,85.7027305856743,192
"Tuesday","7/10/2024",3.4,"A",200,"10:51","10:57",499149,310182,375.68,232944,390.53,233838,86.8507612561232,192
"Tuesday","7/10/2024",3.4,"B",200,"10:51","10:57",518625,316292,375.68,232944,390.53,233838,90.2420922644142,192
"Peter","7/15/2024",0,"A",200,"8:39","8:49",549950,299471,491.22,243478,410.7,231045,95.6765556783605,197
"Peter","7/15/2024",0,"B",200,"8:39","8:49",544701,297685,491.22,243478,410.7,231045,94.7625540115645,197
"Peter","7/15/2024",0.45,"A",200,"8:39","8:49",513897,282316,491.22,243478,410.7,231045,89.3986928296279,197
"Peter","7/15/2024",0.45,"B",200,"8:39","8:49",507020,276414,491.22,243478,410.7,231045,88.2012096018595,197
"Peter","7/15/2024",1,"A",200,"8:39","8:49",473711,261159,491.22,243478,410.7,231045,82.4011559689182,197
"Peter","7/15/2024",1,"B",200,"8:39","8:49",456520,253507,491.22,243478,410.7,231045,79.4077090925817,197
"Peter","7/15/2024",1.5,"A",200,"8:39","8:49",400120,223572,491.22,243478,410.7,231045,69.5868491178634,197
"Peter","7/15/2024",1.5,"B",200,"8:39","8:49",405566,223673,491.22,243478,410.7,231045,70.5351541430817,197
"Peter","7/15/2024",2.1,"A",200,"8:39","8:49",402669,228967,491.22,243478,410.7,231045,70.0307032326782,197
"Peter","7/15/2024",2.1,"B",200,"8:39","8:49",457828,259006,491.22,243478,410.7,231045,79.6354694622081,197
"Peter","7/15/2024",3.3,"A",200,"8:39","8:49",266484,160163,491.22,243478,410.7,231045,46.3169830969157,197
"Peter","7/15/2024",3.3,"B",200,"8:39","8:49",195383,120747,491.22,243478,410.7,231045,33.9362567660213,197
"Paul","7/16/2024",0,"A",200,"9:24","9:34",69970.41,40432.34,403.13,238686,456.75,234167,12.1136616259223,198
"Paul","7/16/2024",0,"B",200,"9:24","9:34",72422.22,42286.77,403.13,238686,456.75,234167,12.5405921701531,198
"Paul","7/16/2024",1,"A",200,"9:24","9:34",70433.6,40460.65,403.13,238686,456.75,234167,12.1943163091083,198
"Paul","7/16/2024",1,"B",200,"9:24","9:34",69254.38,38798.2,403.13,238686,456.75,234167,11.9889802364241,198
"Paul","7/16/2024",2,"A",200,"9:24","9:34",76960.05,44304.16,403.13,238686,456.75,234167,13.3307587130445,198
"Paul","7/16/2024",2,"B",200,"9:24","9:34",71153.62,41912.27,403.13,238686,456.75,234167,12.3196924722111,198
"Paul","7/16/2024",3.5,"A",200,"9:24","9:34",75220.17,45196.4,403.13,238686,456.75,234167,13.0277956305478,198
"Paul","7/16/2024",3.5,"B",200,"9:24","9:34",73840.62,44103.96,403.13,238686,456.75,234167,12.7875763507939,198
"Paul","7/16/2024",4.8,"A",200,"9:24","9:34",94477.13,58941.21,403.13,238686,456.75,234167,16.3809854833625,198
"Paul","7/16/2024",4.8,"B",200,"9:24","9:34",86046.16,53786.59,403.13,238686,456.75,234167,14.9129114439822,198
"Paul","7/16/2024",6.9,"A",200,"9:24","9:34",1064082,648395,403.13,238686,456.75,234167,185.217043268379,198
"Paul","7/16/2024",6.9,"B",200,"9:24","9:34",1092798,668691,403.13,238686,456.75,234167,190.217323676783,198
"Tuesday","7/17/2024",0,"A",200,"10:09","10:18",295419,175078,446.29,238883,380.4,234467,51.3632212991699,199
"Tuesday","7/17/2024",0,"B",200,"10:09","10:18",323546,190603,446.29,238883,380.4,234467,56.2609398897532,199
"Tuesday","7/17/2024",0.3,"A",200,"10:09","10:18",292610,171263,446.29,238883,380.4,234467,50.8740937163865,199
"Tuesday","7/17/2024",0.3,"B",200,"10:09","10:18",327146,191252,446.29,238883,380.4,234467,56.8878032923948,199
"Tuesday","7/17/2024",0.8,"A",200,"10:09","10:18",325087,188564,446.29,238883,380.4,234467,56.5292722518284,199
"Tuesday","7/17/2024",0.8,"B",200,"10:09","10:18",327171,192987,446.29,238883,380.4,234467,56.8921565104687,199
"Tuesday","7/17/2024",1.8,"A",200,"10:09","10:18",409470,244102,446.29,238883,380.4,234467,71.2227762810244,199
"Tuesday","7/17/2024",1.8,"B",200,"10:09","10:18",401039,242438,446.29,238883,380.4,234467,69.7546970177824,199
"Tuesday","7/17/2024",2.7,"A",200,"10:09","10:18",553064,338193,446.29,238883,380.4,234467,96.2266161251679,199
"Tuesday","7/17/2024",2.7,"B",200,"10:09","10:18",565833,385766,446.29,238883,380.4,234467,98.450065788593,199
"Tuesday","7/17/2024",3.9,"A",200,"10:09","10:18",605123,372551,446.29,238883,380.4,234467,105.291583313534,199
"Tuesday","7/17/2024",3.9,"B",200,"10:09","10:18",592903,369409,446.29,238883,380.4,234467,103.163730319012,199
"Peter","7/22/2024",0,"A",200,"8:36","8:52",690181.75,368380.44,402.94,239722,395.22,230616.25,120.110303307408,204
"Peter","7/22/2024",0,"B",200,"8:36","8:52",701901.65,373132.25,402.94,239722,395.22,230616.25,122.15107452758,204
"Peter","7/22/2024",0.35,"A",200,"8:36","8:52",636120.56,336402.03,402.94,239722,395.22,230616.25,110.696697331226,204
"Peter","7/22/2024",0.35,"B",200,"8:36","8:52",631166.56,330474.44,402.94,239722,395.22,230616.25,109.834063637702,204
"Peter","7/22/2024",0.7,"A",200,"8:36","8:52",629109.25,328600.09,402.94,239722,395.22,230616.25,109.475826874678,204
"Peter","7/22/2024",0.7,"B",200,"8:36","8:52",649414.31,340373.03,402.94,239722,395.22,230616.25,113.011521042023,204
"Peter","7/22/2024",1.3,"A",200,"8:36","8:52",557491.44,293291.44,402.94,239722,395.22,230616.25,97.0051090784724,204
"Peter","7/22/2024",1.3,"B",200,"8:36","8:52",545761.19,291659.88,402.94,239722,395.22,230616.25,94.9625356260178,204
"Peter","7/22/2024",1.7,"A",200,"8:36","8:52",296506.88,157987.08,402.94,239722,395.22,230616.25,51.5602009344394,204
"Peter","7/22/2024",1.7,"B",200,"8:36","8:52",292856.97,158918.66,402.94,239722,395.22,230616.25,50.9246467672351,204
"Peter","7/22/2024",3.1,"A",200,"8:36","8:52",779517.31,423428.94,402.94,239722,395.22,230616.25,135.666190284767,204
"Peter","7/22/2024",3.1,"B",200,"8:36","8:52",642801.69,348507.44,402.94,239722,395.22,230616.25,111.860073966029,204
"Paul","7/23/2024",0,"A",200,"9:30","9:35",61999.04,35226.7,381.43,235053,393.36,235751.5,10.7293957409007,205
"Paul","7/23/2024",0,"B",200,"9:30","9:35",63787.4,37666.39,381.43,235053,393.36,235751.5,11.0408005838863,205
"Paul","7/23/2024",1.3,"A",200,"9:30","9:35",64406.3,381115.52,381.43,235053,393.36,235751.5,11.1485688505238,205
"Paul","7/23/2024",1.3,"B",200,"9:30","9:35",65547.88,38418.3,381.43,235053,393.36,235751.5,11.3473507180759,205
"Paul","7/23/2024",2.4,"A",200,"9:30","9:35",68398.76,41161.71,381.43,235053,393.36,235751.5,11.8437708117767,205
"Paul","7/23/2024",2.4,"B",200,"9:30","9:35",67860.23,40424.19,381.43,235053,393.36,235751.5,11.7499972706032,205
"Paul","7/23/2024",4.6,"A",200,"9:30","9:35",93097.99,58146.82,381.43,235053,393.36,235751.5,16.1446161896731,205
"Paul","7/23/2024",4.6,"B",200,"9:30","9:35",93957.8,58445.87,381.43,235053,393.36,235751.5,16.2943338069579,205
"Paul","7/23/2024",5.7,"A",200,"9:30","9:35",249100.44,150852.48,381.43,235053,393.36,235751.5,43.30912358618,205
"Paul","7/23/2024",5.7,"B",200,"9:30","9:35",258946.03,155365.8,381.43,235053,393.36,235751.5,45.0235235996284,205
"Paul","7/23/2024",7.1,"A",200,"9:30","9:35",2999594.75,1594371.88,381.43,235053,393.36,235751.5,522.249185284218,205
"Paul","7/23/2024",7.1,"B",200,"9:30","9:35",295967.5,1603927.88,381.43,235053,393.36,235751.5,51.4700248926822,205
"Tuesday","7/24/2024",0,"A",200,"10:38","10:38",384965.06,222685.73,392.19,231850.33,384.32,234101.23,66.9651827366229,206
"Tuesday","7/24/2024",0,"B",200,"10:38","10:38",391356.16,229374.14,392.19,231850.33,384.32,234101.23,68.078056817907,206
"Tuesday","7/24/2024",0.35,"A",200,"10:38","10:38",399971,230731.42,392.19,231850.33,384.32,234101.23,69.5781479055773,206
"Tuesday","7/24/2024",0.35,"B",200,"10:38","10:38",388482.53,226160.8,392.19,231850.33,384.32,234101.23,67.577675295759,206
"Tuesday","7/24/2024",0.85,"A",200,"10:38","10:38",416916.03,240068.86,392.19,231850.33,384.32,234101.23,72.5287643399283,206
"Tuesday","7/24/2024",0.85,"B",200,"10:38","10:38",416671.84,239047.2,392.19,231850.33,384.32,234101.23,72.4862438470697,206
"Tuesday","7/24/2024",1.6,"A",200,"10:38","10:38",532045.94,306032.66,392.19,231850.33,384.32,234101.23,92.5761885422673,206
"Tuesday","7/24/2024",1.6,"B",200,"10:38","10:38",517069.25,288121.03,392.19,231850.33,384.32,234101.23,89.9683166384594,206
"Tuesday","7/24/2024",2.1,"A",200,"10:38","10:38",448075.59,262582.09,392.19,231850.33,384.32,234101.23,77.9545387305991,206
"Tuesday","7/24/2024",2.1,"B",200,"10:38","10:38",559938.62,322480.28,392.19,231850.33,384.32,234101.23,97.4331052904876,206
"Tuesday","7/24/2024",3,"A",200,"10:38","10:38",419510.06,250285.09,392.19,231850.33,384.32,234101.23,72.9804594711379,206
"Tuesday","7/24/2024",3,"B",200,"10:38","10:38",421241.38,249664.38,392.19,231850.33,384.32,234101.23,73.2819320117661,206
"Peter","7/29/2024",0,"A",200,"8:45","8:58",294847,160386.52,400,236444,384.84,229377.25,51.2716800882247,211
"Peter","7/29/2024",0,"B",200,"8:45","8:58",304325,164682.38,400,236444,384.84,229377.25,52.9220721244016,211
"Peter","7/29/2024",0.45,"A",200,"8:45","8:58",312744,166396.41,400,236444,384.84,229377.25,54.3880618429682,211
"Peter","7/29/2024",0.45,"B",200,"8:45","8:58",305924,164747.45,400,236444,384.84,229377.25,53.2005039524083,211
"Peter","7/29/2024",0.95,"A",200,"8:45","8:58",317272,169860.22,400,236444,384.84,229377.25,55.1765167005129,211
"Peter","7/29/2024",0.95,"B",200,"8:45","8:58",329918,176384.86,400,236444,384.84,229377.25,57.3785485310145,211
"Peter","7/29/2024",1.7,"A",200,"8:45","8:58",390299,211780.64,400,236444,384.84,229377.25,67.8926149518206,211
"Peter","7/29/2024",1.7,"B",200,"8:45","8:58",402891,217481.45,400,236444,384.84,229377.25,70.0852438312825,211
"Peter","7/29/2024",2.2,"A",200,"8:45","8:58",293228,159360.78,400,236444,384.84,229377.25,50.9897656857589,211
"Peter","7/29/2024",2.2,"B",200,"8:45","8:58",282753,152966.64,400,236444,384.84,229377.25,49.1657673127948,211
"Peter","7/29/2024",4,"A",200,"8:45","8:58",620561,347869.81,400,236444,384.84,229377.25,107.987842957115,211
"Peter","7/29/2024",4,"B",200,"8:45","8:58",594810,329540.66,400,236444,384.84,229377.25,103.503854212275,211
"Paul","7/30/2024",0,"A",200,"9:35","9:43",49813.2,28158.47,397.27,231930,365.94,233062.03,8.60473278458298,212
"Paul","7/30/2024",0,"B",200,"9:35","9:43",56248.39,31406.56,397.27,231930,365.94,233062.03,9.72528420126219,212
"Paul","7/30/2024",0.9,"A",200,"9:35","9:43",55797.43,31873.41,397.27,231930,365.94,233062.03,9.64675911235795,212
"Paul","7/30/2024",0.9,"B",200,"9:35","9:43",53702.39,30478.67,397.27,231930,365.94,233062.03,9.28195247261622,212
"Paul","7/30/2024",2.2,"A",200,"9:35","9:43",60238.05,33416.18,397.27,231930,365.94,233062.03,10.4199986020908,212
"Paul","7/30/2024",2.2,"B",200,"9:35","9:43",63696.23,35927.9,397.27,231930,365.94,233062.03,11.0221670692428,212
"Paul","7/30/2024",3.6,"A",200,"9:35","9:43",76899.88,43943.08,397.27,231930,365.94,233062.03,13.3213017821007,212
"Paul","7/30/2024",3.6,"B",200,"9:35","9:43",74932.52,43689.73,397.27,231930,365.94,233062.03,12.978727897706,212
"Paul","7/30/2024",4.7,"A",200,"9:35","9:43",79398.04,47341.84,397.27,231930,365.94,233062.03,13.7563031926405,212
"Paul","7/30/2024",4.7,"B",200,"9:35","9:43",83813.94,50110.41,397.27,231930,365.94,233062.03,14.5252382203419,212
"Paul","7/30/2024",6,"A",200,"9:35","9:43",182255,106694.43,397.27,231930,365.94,233062.03,31.6666542845766,212
"Paul","7/30/2024",6,"B",200,"9:35","9:43",182295,107247.25,397.27,231930,365.94,233062.03,31.6736194334949,212
"Tuesday","7/31/2024",0,"A",200,"10:25","10:30",299925,167903,395.66,233059,369.66,229042,52.1566614620529,213
"Tuesday","7/31/2024",0,"B",200,"10:25","10:30",296863,164401,395.66,233059,369.66,229042,51.6234793123616,213
"Tuesday","7/31/2024",0.4,"A",200,"10:25","10:30",307310,171746,395.66,233059,369.66,229042,53.4426020810829,213
"Tuesday","7/31/2024",0.4,"B",200,"10:25","10:30",302496,169515,395.66,233059,369.66,229042,52.6043464087727,213
"Tuesday","7/31/2024",0.9,"A",200,"10:25","10:30",261109,157904,395.66,233059,369.66,229042,45.3976809517929,213
"Tuesday","7/31/2024",0.9,"B",200,"10:25","10:30",288436,165175,395.66,233059,369.66,229042,50.1560965640114,213
"Tuesday","7/31/2024",1.5,"A",200,"10:25","10:30",267254,159828,395.66,233059,369.66,229042,46.4677019543575,213
"Tuesday","7/31/2024",1.5,"B",200,"10:25","10:30",253345,148864,395.66,233059,369.66,229042,44.0457455467625,213
"Tuesday","7/31/2024",2,"A",200,"10:25","10:30",347905,204159,395.66,233059,369.66,229042,60.5113575894816,213
"Tuesday","7/31/2024",2,"B",200,"10:25","10:30",372245,219318,395.66,233059,369.66,229042,64.7496507062306,213
"Tuesday","7/31/2024",2.8,"A",200,"10:25","10:30",424680,266076,395.66,233059,369.66,229042,73.8800902944284,213
"Tuesday","7/31/2024",2.8,"B",200,"10:25","10:30",415727,268367,395.66,233059,369.66,229042,72.3211158378033,213
"Peter","8/5/2024",0,"A",200,"8:40","8:51",708050,384096,463.79,242853,446.19,232964,123.211083128574,218
"Peter","8/5/2024",0,"B",200,"8:40","8:51",723766,386568,463.79,242853,446.19,232964,125.947690138551,218
"Peter","8/5/2024",0.45,"A",200,"8:40","8:51",751970,398540,463.79,242853,446.19,232964,130.858816640802,218
"Peter","8/5/2024",0.45,"B",200,"8:40","8:51",737786,393723,463.79,242853,446.19,232964,128.388974834394,218
"Peter","8/5/2024",1,"A",200,"8:40","8:51",749089,400298,463.79,242853,446.19,232964,130.357151789966,218
"Peter","8/5/2024",1,"B",200,"8:40","8:51",832628,437644,463.79,242853,446.19,232964,144.903691176987,218
"Peter","8/5/2024",1.5,"A",200,"8:40","8:51",743063,390625,463.79,242853,446.19,232964,129.307852105433,218
"Peter","8/5/2024",1.5,"B",200,"8:40","8:51",748631,395835,463.79,242853,446.19,232964,130.277400834852,218
"Peter","8/5/2024",1.9,"A",200,"8:40","8:51",774987,408014,463.79,242853,446.19,232964,134.86673745708,218
"Peter","8/5/2024",1.9,"B",200,"8:40","8:51",716860,375253,463.79,242853,446.19,232964,124.745157177817,218
"Peter","8/5/2024",3,"A",200,"8:40","8:51",380749,208611,463.79,242853,446.19,232964,66.2185779763534,218
"Peter","8/5/2024",3,"B",200,"8:40","8:51",388232,212871,463.79,242853,446.19,232964,67.5215832102332,218
"Paul","8/6/2024",0,"A",200,"9:30","9:38",60246.97,37342.27,419.41,232702,393.96,231542,10.4176966203733,219
"Paul","8/6/2024",0,"B",200,"9:30","9:38",66476.79,41244.68,419.41,232702,393.96,231542,11.5024872212191,219
"Paul","8/6/2024",0.8,"A",200,"9:30","9:38",59333.32,37033.02,419.41,232702,393.96,231542,10.2586039126446,219
"Paul","8/6/2024",0.8,"B",200,"9:30","9:38",59745.19,37343.2,419.41,232702,393.96,231542,10.3303223097685,219
"Paul","8/6/2024",1.8,"A",200,"9:30","9:38",73959.89,45744.61,419.41,232702,393.96,231542,12.8055098679711,219
"Paul","8/6/2024",1.8,"B",200,"9:30","9:38",78213.96,48087.24,419.41,232702,393.96,231542,13.5462656444365,219
"Paul","8/6/2024",3.1,"A",200,"9:30","9:38",78451.89,49321.36,419.41,232702,393.96,231542,13.5876960914894,219
"Paul","8/6/2024",3.1,"B",200,"9:30","9:38",78559.31,48805.48,419.41,232702,393.96,231542,13.6064009989094,219
"Paul","8/6/2024",4.3,"A",200,"9:30","9:38",136016,83823.45,419.41,232702,393.96,231542,23.611261053888,219
"Paul","8/6/2024",4.3,"B",200,"9:30","9:38",139128,86177.02,419.41,232702,393.96,231542,24.1531496397271,219
"Paul","8/6/2024",6.7,"A",200,"9:30","9:38",1221625,677084,419.41,232702,393.96,231542,212.646969853426,219
"Paul","8/6/2024",6.7,"B",200,"9:30","9:38",1238114,692049,419.41,232702,393.96,231542,215.518178366247,219
"Tuesday","8/7/2024",0,"A",200,"10:20","10:32",275916,160761,395.35,230422,420.93,234743,47.9760589325064,220
"Tuesday","8/7/2024",0,"B",200,"10:20","10:32",282650,163735,371.29,228142,447.9,237944,49.1528312899664,220
"Tuesday","8/7/2024",0.45,"A",200,"10:20","10:32",296930,174999,347.23,225862,474.87,241145,51.6435789908524,220
"Tuesday","8/7/2024",0.45,"B",200,"10:20","10:32",298389,171848,323.17,223582,501.84,244346,51.9018223347195,220
"Tuesday","8/7/2024",0.9,"A",200,"10:20","10:32",265444,156204,299.11,221302,528.81,247547,46.1693410940085,220
"Tuesday","8/7/2024",0.9,"B",200,"10:20","10:32",276751,163185,275.05,219022,555.78,250748,48.1424041015463,220
"Tuesday","8/7/2024",1.6,"A",200,"10:20","10:32",301021,174316,250.99,216742,582.75,253949,52.3726977447627,220
"Tuesday","8/7/2024",1.6,"B",200,"10:20","10:32",285096,164463,226.93,214462,609.72,257150,49.6038873687627,220
"Tuesday","8/7/2024",1.9,"A",200,"10:20","10:32",272781,161584,202.87,212182,636.69,260351,47.4636816826339,220
"Tuesday","8/7/2024",1.9,"B",200,"10:20","10:32",310916,178913,178.81,209902,663.66,263552,54.1082700696352,220
"Tuesday","8/7/2024",2.9,"A",200,"10:20","10:32",369118,228141,154.75,207622,690.63,266753,64.2470995401945,220
"Tuesday","8/7/2024",2.9,"B",200,"10:20","10:32",389734,237543,130.69,205342,717.6,269954,67.8411268297297,220
"Peter","8/12/2024",0,"A",200,"10:35","10:44",56352,34375,415,239373,390,237610,9.74023837598965,225
"Peter","8/12/2024",0,"B",200,"10:35","10:44",51704,32030,415,239373,390,237610,8.93088807169017,225
"Peter","8/12/2024",0.5,"A",200,"10:35","10:44",54904,33151,415,239373,390,237610,9.48809998514936,225
"Peter","8/12/2024",0.5,"B",200,"10:35","10:44",52405,30488,415,239373,390,237610,9.05295230648232,225
"Peter","8/12/2024",1.2,"A",200,"10:35","10:44",51122,30782,415,239373,390,237610,8.82954515492978,225
"Peter","8/12/2024",1.2,"B",200,"10:35","10:44",49540,30088,415,239373,390,237610,8.55407351521339,225
"Peter","8/12/2024",1.9,"A",200,"10:35","10:44",40733,24317,415,239373,390,237610,7.02052185213992,225
"Peter","8/12/2024",1.9,"B",200,"10:35","10:44",40410,24341,415,239373,390,237610,6.96427827462513,225
"Peter","8/12/2024",2.5,"A",200,"10:35","10:44",65071,39504,415,239373,390,237610,11.258466711443,225
"Peter","8/12/2024",2.5,"B",200,"10:35","10:44",65250,39290,415,239373,390,237610,11.2896357528521,225
"Peter","8/12/2024",4.2,"A",200,"10:35","10:44",315293,173573,415,239373,390,237610,54.8293040269387,225
"Peter","8/12/2024",4.2,"B",200,"10:35","10:44",311354,170406,415,239373,390,237610,54.143410987215,225
"Paul","8/13/2024",0,"A",200,"11:35","11:40",51922,31530,408,228344,439,231196,8.97006703435527,226
"Paul","8/13/2024",0,"B",200,"11:35","11:40",82101,50862,408,228344,439,231196,14.2250977644443,226
"Paul","8/13/2024",0.85,"A",200,"11:35","11:40",78664,48494,408,228344,439,231196,13.6266173436446,226
"Paul","8/13/2024",0.85,"B",200,"11:35","11:40",72895,45760,408,228344,439,231196,12.6220687409114,226
"Paul","8/13/2024",1.9,"A",200,"11:35","11:40",76525,48638,408,228344,439,231196,13.2541560052417,226
"Paul","8/13/2024",1.9,"B",200,"11:35","11:40",80817,50738,408,228344,439,231196,14.0015164841688,226
"Paul","8/13/2024",3.3,"A",200,"11:35","11:40",94062,60859,408,228344,439,231196,16.307851419721,226
"Paul","8/13/2024",3.3,"B",200,"11:35","11:40",89511,58631,408,228344,439,231196,15.5153916015483,226
"Paul","8/13/2024",4.2,"A",200,"11:35","11:40",94743,60914,408,228344,439,231196,16.426433080054,226
"Paul","8/13/2024",4.2,"B",200,"11:35","11:40",95554,63875,408,228344,439,231196,16.5676514743714,226
"Paul","8/13/2024",6.6,"A",200,"11:35","11:40",165186,106405,408,228344,439,231196,28.6925827112434,226
"Paul","8/13/2024",6.6,"B",200,"11:35","11:40",162520,105119,408,228344,439,231196,28.2283555358427,226
"Tuesday","8/14/2024",0,"A",200,"12:35","12:43",399875,228349,391,239689,394,237897,69.5616387613538,227
"Tuesday","8/14/2024",0,"B",200,"12:35","12:43",403543,238863,391,239689,394,237897,70.2003429171564,227
"Tuesday","8/14/2024",0.4,"A",200,"12:35","12:43",361059,211870,391,239689,394,237897,62.8026582510938,227
"Tuesday","8/14/2024",0.4,"B",200,"12:35","12:43",363809,215951,391,239689,394,237897,63.2815122392228,227
"Tuesday","8/14/2024",0.85,"A",200,"12:35","12:43",386893,227600,391,239689,394,237897,67.301099679939,227
"Tuesday","8/14/2024",0.85,"B",200,"12:35","12:43",395508,232283,391,239689,394,237897,68.801218628205,227
"Tuesday","8/14/2024",1.5,"A",200,"12:35","12:43",405965,233886,391,239689,394,237897,70.6220826841558,227
"Tuesday","8/14/2024",1.5,"B",200,"12:35","12:43",426114,244572,391,239689,394,237897,74.1306023229962,227
"Tuesday","8/14/2024",1.9,"A",200,"12:35","12:43",552623,316555,391,239689,394,237897,96.1594529354365,227
"Tuesday","8/14/2024",1.9,"B",200,"12:35","12:43",581610,337178,391,239689,394,237897,101.206922227762,227
"Tuesday","8/14/2024",2.8,"A",200,"12:35","12:43",411616,241012,391,239689,394,237897,71.6060840975802,227
"Tuesday","8/14/2024",2.8,"B",200,"12:35","12:43",404102,243395,391,239689,394,237897,70.2976808732888,227
"Peter","8/19/2024",0,"A",200,"9:27","",196426,118864,487,229224,374,229164,34.1186078472752,232
"Peter","8/19/2024",0,"B",200,"9:27","",197034,117493,487,229224,374,229164,34.2244781108325,232
"Peter","8/19/2024",0.55,"A",200,"9:27","",195726,116679,487,229224,374,229164,33.996717741206,232
"Peter","8/19/2024",0.55,"B",200,"9:27","",206248,124718,487,229224,374,229164,35.8289001641491,232
"Peter","8/19/2024",1.2,"A",200,"9:27","",206894,126066,487,229224,374,229164,35.9413873191786,232
"Peter","8/19/2024",1.2,"B",200,"9:27","",212150,132556,487,229224,374,229164,36.8566078870354,232
"Peter","8/19/2024",1.9,"A",200,"9:27","",216417,135659,487,229224,374,229164,37.5996151478886,232
"Peter","8/19/2024",1.9,"B",200,"9:27","",218287,133986,487,229224,374,229164,37.9252358598163,232
"Peter","8/19/2024",2.6,"A",200,"9:27","",230439,141296,487,229224,374,229164,40.0412481011776,232
"Peter","8/19/2024",2.6,"B",200,"9:27","",225995,138367,487,229224,374,229164,39.2674200563611,232
"Peter","8/19/2024",4.2,"A",200,"9:27","",332260,188570,487,229224,374,229164,57.7712088012802,232
"Peter","8/19/2024",4.2,"B",200,"9:27","",323825,181489,487,229224,374,229164,56.3024330231464,232
"Paul","8/20/2024",0,"A",200,"10:12","",61841,36883,419,233553,403,236960,10.6953344214033,233
"Paul","8/20/2024",0,"B",200,"10:12","",78795,46075,419,233553,403,236960,13.6475127903993,233
"Paul","8/20/2024",0.65,"A",200,"10:12","",75088,45527,419,233553,403,236960,13.0020176144014,233
"Paul","8/20/2024",0.65,"B",200,"10:12","",79783,48465,419,233553,403,236960,13.8195519686798,233
"Paul","8/20/2024",1.9,"A",200,"10:12","",71992,43262,419,233553,403,236960,12.4629150881296,233
"Paul","8/20/2024",1.9,"B",200,"10:12","",93819,56618,419,233553,403,236960,16.2636227240902,233
"Paul","8/20/2024",3,"A",200,"10:12","",84129,51412,419,233553,403,236960,14.5763153986466,233
"Paul","8/20/2024",3,"B",200,"10:12","",69108,42192,419,233553,403,236960,11.9607278511245,233
"Paul","8/20/2024",4.2,"A",200,"10:12","",89724,56312,419,233553,403,236960,15.5505656035854,233
"Paul","8/20/2024",4.2,"B",200,"10:12","",84273,52796,419,233553,403,236960,14.6013899347522,233
"Paul","8/20/2024",6.5,"A",200,"10:12","",152735,92067,419,233553,403,236960,26.5225905657658,233
"Paul","8/20/2024",6.5,"B",200,"10:12","",175160,103570,419,233553,403,236960,30.427427178054,233
"Tuesday","8/21/2024",0,"A",200,"10:55","",426906,243688,391,227909,413,238315,74.2685122715774,234
"Tuesday","8/21/2024",0,"B",200,"10:55","",433787,239274,391,227909,413,238315,75.4666920142376,234
"Tuesday","8/21/2024",0.35,"A",200,"10:55","",461998,254140,391,227909,413,238315,80.3790374175493,234
"Tuesday","8/21/2024",0.35,"B",200,"10:55","",422021,232287,391,227909,413,238315,73.4178934599373,234
"Tuesday","8/21/2024",0.75,"A",200,"10:55","",425972,240695,391,227909,413,238315,74.1058760443365,234
"Tuesday","8/21/2024",0.75,"B",200,"10:55","",425207,237638,391,227909,413,238315,73.9726675712751,234
"Tuesday","8/21/2024",1.5,"A",200,"10:55","",453664,253452,391,227909,413,238315,78.927848640434,234
"Tuesday","8/21/2024",1.5,"B",200,"10:55","",419056,236741,391,227909,413,238315,72.9016017963728,234
"Tuesday","8/21/2024",2,"A",200,"10:55","",417924,238877,391,227909,413,238315,72.7044880819866,234
"Tuesday","8/21/2024",2,"B",200,"10:55","",419635,240725,391,227909,413,238315,73.0024223269643,234
"Tuesday","8/21/2024",2.9,"A",200,"10:55","",644734,377616,391,227909,413,238315,112.198623735636,234
"Tuesday","8/21/2024",2.9,"B",200,"10:55","",675656,396148,391,227909,413,238315,117.583032106882,234
