Lake,Date,Depth,Rep,Filter_volume,Extract_time,Analysis_time,Fb,Fa,methanol_blank_before,solid_standard_before,methanol_blank_after,solid_standard_after
Peter,5/20/2024,0,B,200,9:18:00,9:36:00,85320.73,49912.41,437.47,231913.89,430.52,234197.48
Peter,5/20/2024,0,A,200,9:18:00,9:36:00,82910.73,49648.99,437.47,231913.89,430.52,234197.48
Peter,5/20/2024,0.4,B,200,9:18:00,9:36:00,88545.7,53031.25,437.47,231913.89,430.52,234197.48
Peter,5/20/2024,0.4,A,200,9:18:00,9:36:00,85577.78,53055.81,437.47,231913.89,430.52,234197.48
Peter,5/20/2024,0.9,B,200,9:18:00,9:36:00,95335.36,58597.12,437.47,231913.89,430.52,234197.48
Peter,5/20/2024,0.9,A,200,9:18:00,9:36:00,92210.6,56923.46,437.47,231913.89,430.52,234197.48
Peter,5/20/2024,2.1,A,200,9:18:00,9:36:00,124022.95,73282.34,437.47,231913.89,430.52,234197.48
Peter,5/20/2024,2.1,B,200,9:18:00,9:36:00,122493.66,75382.2,437.47,231913.89,430.52,234197.48
Peter,5/20/2024,2.9,B,200,9:18:00,9:36:00,126516.25,77539.88,437.47,231913.89,430.52,234197.48
Peter,5/20/2024,2.9,A,200,9:18:00,9:36:00,126927.72,78614.26,437.47,231913.89,430.52,234197.48
Peter,5/20/2024,4.75,B,200,9:18:00,9:36:00,1054005,575496.75,437.47,231913.89,430.52,234197.48
Peter,5/20/2024,4.75,A,200,9:18:00,9:36:00,1025513.94,573692,437.47,231913.89,430.52,234197.48
Paul,5/21/2024,0,B,200,10:37:00,10:56:00,54597.82,29494.48,426.63,234561.34,424.28,233562.54
Paul,5/21/2024,0,A,200,10:37:00,10:56:00,50366.05,25020.4,426.63,234561.34,424.28,233562.54
Paul,5/21/2024,0.7,B,200,10:37:00,10:56:00,59192.02,31564.46,426.63,234561.34,424.28,233562.54
Paul,5/21/2024,0.7,A,200,10:37:00,10:56:00,66555.88,35358.29,426.63,234561.34,424.28,233562.54
Paul,5/21/2024,1.75,B,200,10:37:00,10:56:00,65946.23,32609.9,426.63,234561.34,424.28,233562.54
Paul,5/21/2024,1.75,A,200,10:37:00,10:56:00,68833.38,38257.18,426.63,234561.34,424.28,233562.54
Paul,5/21/2024,4.1,B,200,10:37:00,10:56:00,76312.64,44929.82,426.63,234561.34,424.28,233562.54
Paul,5/21/2024,4.1,A,200,10:37:00,10:56:00,77376.55,45927.05,426.63,234561.34,424.28,233562.54
Paul,5/21/2024,5.2,B,200,10:37:00,10:56:00,223709.55,129015.73,426.63,234561.34,424.28,233562.54
Paul,5/21/2024,5.2,A,200,10:37:00,10:56:00,202782.41,116933.25,426.63,234561.34,424.28,233562.54
Paul,5/21/2024,6.7,B,200,10:37:00,10:56:00,2092646.62,1111178.5,426.63,234561.34,424.28,233562.54
Paul,5/21/2024,6.7,A,200,10:37:00,10:56:00,2030426.62,1063339.62,426.63,234561.34,424.28,233562.54
Tuesday,5/22/2024,0,A,200,11:40:00,11:52:00,264219.59,150864.41,404.96,231029.83,406.59,230299.86
Tuesday,5/22/2024,0,B,200,11:40:00,11:52:00,266971.62,155405.02,404.96,231029.83,406.59,230299.86
Tuesday,5/22/2024,0.4,A,200,11:40:00,11:52:00,263157.28,152821.34,404.96,231029.83,406.59,230299.86
Tuesday,5/22/2024,0.4,B,200,11:40:00,11:52:00,253112.53,151510.23,404.96,231029.83,406.59,230299.86
Tuesday,5/22/2024,1.1,A,200,11:40:00,11:52:00,252851.53,147158.05,404.96,231029.83,406.59,230299.86
Tuesday,5/22/2024,1.1,B,200,11:40:00,11:52:00,246760.59,141814.52,404.96,231029.83,406.59,230299.86
Tuesday,5/22/2024,1.9,A,200,11:40:00,11:52:00,311462.94,176446.66,404.96,231029.83,406.59,230299.86
Tuesday,5/22/2024,1.9,B,200,11:40:00,11:52:00,323838.03,180454.94,404.96,231029.83,406.59,230299.86
Tuesday,5/22/2024,2.4,A,200,11:40:00,11:52:00,555959.56,311889.41,404.96,231029.83,406.59,230299.86
Tuesday,5/22/2024,2.4,B,200,11:40:00,11:52:00,559218.44,317283.44,404.96,231029.83,406.59,230299.86
Tuesday,5/22/2024,3.3,A,200,11:40:00,11:52:00,1118090.5,627331.81,404.96,231029.83,406.59,230299.86
Tuesday,5/22/2024,3.3,B,200,11:40:00,11:52:00,1184949.5,652084,404.96,231029.83,406.59,230299.86
Peter,5/27/2024,0,A,200,9:40:00,9:48:00,64985.73,36829.44,470.28,230083,401.8,236145
Peter,5/27/2024,0,B,200,9:40:00,9:48:00,55107.01,32859.64,470.28,230083,401.8,236145
Peter,5/27/2024,0.7,A,200,9:40:00,9:48:00,76813.51,47420.05,470.28,230083,401.8,236145
Peter,5/27/2024,0.7,B,200,9:40:00,9:48:00,80859.83,50105.7,470.28,230083,401.8,236145
Peter,5/27/2024,1.5,A,200,9:40:00,9:48:00,75930.1,40064.56,470.28,230083,401.8,236145
Peter,5/27/2024,1.5,B,200,9:40:00,9:48:00,78457.36,46831.23,470.28,230083,401.8,236145
Peter,5/27/2024,2.5,A,200,9:40:00,9:48:00,97812.81,64439.95,470.28,230083,401.8,236145
Peter,5/27/2024,2.5,B,200,9:40:00,9:48:00,97450.9,64623.64,470.28,230083,401.8,236145
Peter,5/27/2024,3.1,A,200,9:40:00,9:48:00,195313.44,120353.72,470.28,230083,401.8,236145
Peter,5/27/2024,3.1,B,200,9:40:00,9:48:00,206557.73,126201.3,470.28,230083,401.8,236145
Peter,5/27/2024,4.4,A,200,9:40:00,9:48:00,535529,311814.47,470.28,230083,401.8,236145
Peter,5/27/2024,4.4,B,200,9:40:00,9:48:00,517283,302248.34,470.28,230083,401.8,236145
Paul,5/28/2024,0,A,200,10:52:00,11:01:00,53204.57,29855.79,413.49,237943,434.76,232188
Paul,5/28/2024,0,B,200,10:52:00,11:01:00,55337.77,31356.5,413.49,237943,434.76,232188
Paul,5/28/2024,1.1,A,200,10:52:00,11:01:00,53858.68,30155.21,413.49,237943,434.76,232188
Paul,5/28/2024,1.1,B,200,10:52:00,11:01:00,57861.64,34410.81,413.49,237943,434.76,232188
Paul,5/28/2024,1.9,A,200,10:52:00,11:01:00,63661.93,35405.61,413.49,237943,434.76,232188
Paul,5/28/2024,1.9,B,200,10:52:00,11:01:00,74559.28,42261.21,413.49,237943,434.76,232188
Paul,5/28/2024,3.6,A,200,10:52:00,11:01:00,73188.29,43562.86,413.49,237943,434.76,232188
Paul,5/28/2024,3.6,B,200,10:52:00,11:01:00,76617.5,47688.2,413.49,237943,434.76,232188
Paul,5/28/2024,4.7,A,200,10:52:00,11:01:00,210244,120974.58,413.49,237943,434.76,232188
Paul,5/28/2024,4.7,B,200,10:52:00,11:01:00,226570,130148,413.49,237943,434.76,232188
Paul,5/28/2024,5.9,A,200,10:52:00,11:01:00,388190,236479,413.49,237943,434.76,232188
Paul,5/28/2024,5.9,B,200,10:52:00,11:01:00,360469,216681,413.49,237943,434.76,232188
Tuesday,5/29/2024,0,A,200,11:52:00,12:02:00,144707.42,84960.54,426.62,230917,417.27,244856.22
Tuesday,5/29/2024,0,B,200,11:52:00,12:02:00,143145.33,85790.4,426.62,230917,417.27,244856.22
Tuesday,5/29/2024,0.5,A,200,11:52:00,12:02:00,144155.94,88483.51,426.62,230917,417.27,244856.22
Tuesday,5/29/2024,0.5,B,200,11:52:00,12:02:00,151009.31,91045.07,426.62,230917,417.27,244856.22
Tuesday,5/29/2024,1.2,A,200,11:52:00,12:02:00,147161.12,88838.64,426.62,230917,417.27,244856.22
Tuesday,5/29/2024,1.2,B,200,11:52:00,12:02:00,147603.25,86826.66,426.62,230917,417.27,244856.22
Tuesday,5/29/2024,1.9,A,200,11:52:00,12:02:00,220065,130685.05,426.62,230917,417.27,244856.22
Tuesday,5/29/2024,1.9,B,200,11:52:00,12:02:00,219632,128510.8,426.62,230917,417.27,244856.22
Tuesday,5/29/2024,2.4,A,200,11:52:00,12:02:00,294972,167943.98,426.62,230917,417.27,244856.22
Tuesday,5/29/2024,2.4,B,200,11:52:00,12:02:00,299553,170541.02,426.62,230917,417.27,244856.22
Tuesday,5/29/2024,3.5,A,200,11:52:00,12:02:00,984725,522329,426.62,230917,417.27,244856.22
Tuesday,5/29/2024,3.5,B,200,11:52:00,12:02:00,982462,548784,426.62,230917,417.27,244856.22
Peter,6/3/2024,0,A,200,9:05:00,9:20:00,59479.5,33648.73,537.66,239165.42,479.52,238528
Peter,6/3/2024,0,B,200,9:05:00,9:20:00,62397.89,36431.73,537.66,239165.42,479.52,238528
Peter,6/3/2024,0.55,A,200,9:05:00,9:20:00,71945.19,41326.62,537.66,239165.42,479.52,238528
Peter,6/3/2024,0.55,B,200,9:05:00,9:20:00,62615.27,37299.17,537.66,239165.42,479.52,238528
Peter,6/3/2024,1.3,A,200,9:05:00,9:20:00,103879,61308.24,537.66,239165.42,479.52,238528
Peter,6/3/2024,1.3,B,200,9:05:00,9:20:00,104140,61500.88,537.66,239165.42,479.52,238528
Peter,6/3/2024,2.3,A,200,9:05:00,9:20:00,88705.3,54360.13,537.66,239165.42,479.52,238528
Peter,6/3/2024,2.3,B,200,9:05:00,9:20:00,80034.39,49415.66,537.66,239165.42,479.52,238528
Peter,6/3/2024,3,A,200,9:05:00,9:20:00,88610.23,57509.93,537.66,239165.42,479.52,238528
Peter,6/3/2024,3,B,200,9:05:00,9:20:00,64800.67,41647.27,537.66,239165.42,479.52,238528
Peter,6/3/2024,4.3,A,200,9:05:00,9:20:00,699731,403846,537.66,239165.42,479.52,238528
Peter,6/3/2024,4.3,B,200,9:05:00,9:20:00,689182,400173,537.66,239165.42,479.52,238528
Paul,6/4/2024,0,A,200,10:13:00,10:31:00,34876.45,20610.2,496.89,238140,460.09,244844
Paul,6/4/2024,0,B,200,10:13:00,10:31:00,35509.05,20523.31,496.89,238140,460.09,244844
Paul,6/4/2024,0.95,A,200,10:13:00,10:31:00,48617.44,28567.53,496.89,238140,460.09,244844
Paul,6/4/2024,0.95,B,200,10:13:00,10:31:00,46902.58,27006.6,496.89,238140,460.09,244844
Paul,6/4/2024,2.1,A,200,10:13:00,10:31:00,48881.57,29265.54,496.89,238140,460.09,244844
Paul,6/4/2024,2.1,B,200,10:13:00,10:31:00,53753.39,32591.75,496.89,238140,460.09,244844
Paul,6/4/2024,3.7,A,200,10:13:00,10:31:00,74889.25,44326,496.89,238140,460.09,244844
Paul,6/4/2024,3.7,B,200,10:13:00,10:31:00,72138.13,42454.96,496.89,238140,460.09,244844
Paul,6/4/2024,4.9,A,200,10:13:00,10:31:00,168277,98923.73,496.89,238140,460.09,244844
Paul,6/4/2024,4.9,B,200,10:13:00,10:31:00,167228,96898.91,496.89,238140,460.09,244844
Paul,6/4/2024,6.8,A,200,10:13:00,10:31:00,803534,463284,496.89,238140,460.09,244844
Paul,6/4/2024,6.8,B,200,10:13:00,10:31:00,825625,472139,496.89,238140,460.09,244844
Tuesday,6/5/2024,0,A,200,11:21:00,11:29:00,198220.08,112039.61,448.64,244003.95,433.1,237639.12
Tuesday,6/5/2024,0,B,200,11:21:00,11:29:00,171522.78,98722.45,448.64,244003.95,433.1,237639.12
Tuesday,6/5/2024,0.35,A,200,11:21:00,11:29:00,145686.2,82731.12,448.64,244003.95,433.1,237639.12
Tuesday,6/5/2024,0.35,B,200,11:21:00,11:29:00,144589.25,83273.33,448.64,244003.95,433.1,237639.12
Tuesday,6/5/2024,0.85,A,200,11:21:00,11:29:00,139195.97,80020.05,448.64,244003.95,433.1,237639.12
Tuesday,6/5/2024,0.85,B,200,11:21:00,11:29:00,137219.75,79529.54,448.64,244003.95,433.1,237639.12
Tuesday,6/5/2024,1.9,A,200,11:21:00,11:29:00,156695.64,90770.88,448.64,244003.95,433.1,237639.12
Tuesday,6/5/2024,1.9,B,200,11:21:00,11:29:00,158128.86,90284.14,448.64,244003.95,433.1,237639.12
Tuesday,6/5/2024,2.4,A,200,11:21:00,11:29:00,164142.2,96038.13,448.64,244003.95,433.1,237639.12
Tuesday,6/5/2024,2.4,B,200,11:21:00,11:29:00,164822.56,96044.48,448.64,244003.95,433.1,237639.12
Tuesday,6/5/2024,3.4,A,200,11:21:00,11:29:00,3209309,1546588,448.64,244003.95,433.1,237639.12
Tuesday,6/5/2024,3.4,B,200,11:21:00,11:29:00,3674242,1729523,448.64,244003.95,433.1,237639.12
Peter,6/10/2024,0,A,200,8:53:00,9:04:00,79177.45,44892.37,441.16,241482.86,403.53,232961.58
Peter,6/10/2024,0,B,200,8:53:00,9:04:00,103531.11,58527.78,441.16,241482.86,403.53,232961.58
Peter,6/10/2024,0.5,A,200,8:53:00,9:04:00,83169.91,47495.66,441.16,241482.86,403.53,232961.58
Peter,6/10/2024,0.5,B,200,8:53:00,9:04:00,90257.36,52211.84,441.16,241482.86,403.53,232961.58
Peter,6/10/2024,1.2,A,200,8:53:00,9:04:00,61304.73,32236.03,441.16,241482.86,403.53,232961.58
Peter,6/10/2024,1.2,B,200,8:53:00,9:04:00,85938.51,55647.01,441.16,241482.86,403.53,232961.58
Peter,6/10/2024,2,A,200,8:53:00,9:04:00,125374.46,70928.61,441.16,241482.86,403.53,232961.58
Peter,6/10/2024,2,B,200,8:53:00,9:04:00,136396.66,77350.07,441.16,241482.86,403.53,232961.58
Peter,6/10/2024,2.7,A,200,8:53:00,9:04:00,105738.66,59925.16,441.16,241482.86,403.53,232961.58
Peter,6/10/2024,2.7,B,200,8:53:00,9:04:00,120814.84,63654.18,441.16,241482.86,403.53,232961.58
Peter,6/10/2024,4.4,A,200,8:53:00,9:04:00,309213.84,179033.23,441.16,241482.86,403.53,232961.58
Peter,6/10/2024,4.4,B,200,8:53:00,9:04:00,341641.62,200716.45,441.16,241482.86,403.53,232961.58
Paul,6/11/2024,0,A,200,9:55:00,10:04:00,40586.62,24472.57,405.63,239628.52,400.78,234341.69
Paul,6/11/2024,0,B,200,9:55:00,10:04:00,42050.29,25261.98,405.63,239628.52,400.78,234341.69
Paul,6/11/2024,1.1,A,200,9:55:00,10:04:00,41761.7,24658.94,405.63,239628.52,400.78,234341.69
Paul,6/11/2024,1.1,B,200,9:55:00,10:04:00,38117.07,22221.36,405.63,239628.52,400.78,234341.69
Paul,6/11/2024,2.3,A,200,9:55:00,10:04:00,43412.89,24477.26,405.63,239628.52,400.78,234341.69
Paul,6/11/2024,2.3,B,200,9:55:00,10:04:00,38924.38,22740.65,405.63,239628.52,400.78,234341.69
Paul,6/11/2024,4,A,200,9:55:00,10:04:00,82792.73,50685.82,405.63,239628.52,400.78,234341.69
Paul,6/11/2024,4,B,200,9:55:00,10:04:00,90119.2,53361.95,405.63,239628.52,400.78,234341.69
Paul,6/11/2024,5.3,A,200,9:55:00,10:04:00,131476.36,75133.02,405.63,239628.52,400.78,234341.69
Paul,6/11/2024,5.3,B,200,9:55:00,10:04:00,142605.61,83527.16,405.63,239628.52,400.78,234341.69
Paul,6/11/2024,7.4,A,200,9:55:00,10:04:00,1950215.25,1032881.38,405.63,239628.52,400.78,234341.69
Paul,6/11/2024,7.4,B,200,9:55:00,10:04:00,1907764.38,989211.81,405.63,239628.52,400.78,234341.69
Tuesday,6/12/2024,0,A,200,11:04,11:13,127020.72,78994.2,400.9,236391.44,382.55,324997.67
Tuesday,6/12/2024,0,B,200,11:04,11:13,126118.52,78920.48,400.9,236391.44,382.55,324997.67
Tuesday,6/12/2024,0.5,A,200,11:04,11:13,133432.14,79989.83,400.9,236391.44,382.55,324997.67
Tuesday,6/12/2024,0.5,B,200,11:04,11:13,140115.4,86683.61,400.9,236391.44,382.55,324997.67
Tuesday,6/12/2024,1,A,200,11:04,11:13,150032.81,93254.54,400.9,236391.44,382.55,324997.67
Tuesday,6/12/2024,1,B,200,11:04,11:13,138244.27,84224.3,400.9,236391.44,382.55,324997.67
Tuesday,6/12/2024,1.9,A,200,11:04,11:13,132492.81,81389.86,400.9,236391.44,382.55,324997.67
Tuesday,6/12/2024,1.9,B,200,11:04,11:13,135811.22,82512.95,400.9,236391.44,382.55,324997.67
Tuesday,6/12/2024,2.4,A,200,11:04,11:13,222134.88,124832.8,400.9,236391.44,382.55,324997.67
Tuesday,6/12/2024,2.4,B,200,11:04,11:13,201979,114730.8,400.9,236391.44,382.55,324997.67
Tuesday,6/12/2024,3.4,A,200,11:04,11:13,1260525,655095.12,400.9,236391.44,382.55,324997.67
Tuesday,6/12/2024,3.4,B,200,11:04,11:13,1333692.75,704543.44,400.9,236391.44,382.55,324997.67
Peter,6/17/2024,0,A,200,9:57,10:06,286809,157721,396.42,238364,396.33,239996
Peter,6/17/2024,0,B,200,9:57,10:06,294212,162434,396.42,238364,396.33,239996
Peter,6/17/2024,0.45,A,200,9:57,10:06,273336,152000,396.42,238364,396.33,239996
Peter,6/17/2024,0.45,B,200,9:57,10:06,283241,158368,396.42,238364,396.33,239996
Peter,6/17/2024,1.2,A,200,9:57,10:06,269181,149547,396.42,238364,396.33,239996
Peter,6/17/2024,1.2,B,200,9:57,10:06,264898,147322,396.42,238364,396.33,239996
Peter,6/17/2024,1.9,A,200,9:57,10:06,426863,237435,396.42,238364,396.33,239996
Peter,6/17/2024,1.9,B,200,9:57,10:06,452001,250686,396.42,238364,396.33,239996
Peter,6/17/2024,2.5,A,200,9:57,10:06,207996,132422,396.42,238364,396.33,239996
Peter,6/17/2024,2.5,B,200,9:57,10:06,205261,115192,396.42,238364,396.33,239996
Peter,6/17/2024,3.9,A,200,9:57,10:06,156261,94629.55,396.42,238364,396.33,239996
Peter,6/17/2024,3.9,B,200,9:57,10:06,156060,92679.59,396.42,238364,396.33,239996
Paul,6/18/2014,0,A,200,10:55,11:02,47696.07,27253.83,491.08,237626,404.59,239964
Paul,6/18/2014,0,B,200,10:55,11:02,49879.14,29094.03,491.08,237626,404.59,239964
Paul,6/18/2014,0.9,A,200,10:55,11:02,58623.17,34144.52,491.08,237626,404.59,239964
Paul,6/18/2014,0.9,B,200,10:55,11:02,63779.55,36834.32,491.08,237626,404.59,239964
Paul,6/18/2014,2.2,A,200,10:55,11:02,60350.18,35166.25,491.08,237626,404.59,239964
Paul,6/18/2014,2.2,B,200,10:55,11:02,58466.5,34653.2,491.08,237626,404.59,239964
Paul,6/18/2014,3.5,A,200,10:55,11:02,71755.65,44297.52,491.08,237626,404.59,239964
Paul,6/18/2014,3.5,B,200,10:55,11:02,64965.39,39437.39,491.08,237626,404.59,239964
Paul,6/18/2014,4.7,A,200,10:55,11:02,126257,75701.56,491.08,237626,404.59,239964
Paul,6/18/2014,4.7,B,200,10:55,11:02,124582,74742.3,491.08,237626,404.59,239964
Paul,6/18/2014,6.7,A,200,10:55,11:02,423652,241427,491.08,237626,404.59,239964
Paul,6/18/2014,6.7,B,200,10:55,11:02,425444,249133,491.08,237626,404.59,239964
Tuesday,6/19/2024,0,A,200,11:43,11:50,309034,167673,404.64,231220,397.24,239964
Tuesday,6/19/2024,0,B,200,11:43,11:50,292263,162717,404.64,231220,397.24,239964
Tuesday,6/19/2024,0.5,A,200,11:43,11:50,316255,175605,404.64,231220,397.24,239964
Tuesday,6/19/2024,0.5,B,200,11:43,11:50,317277,176591,404.64,231220,397.24,239964
Tuesday,6/19/2024,0.875,A,200,11:43,11:50,340944,185290,404.64,231220,397.24,239964
Tuesday,6/19/2024,0.875,B,200,11:43,11:50,337364,185287,404.64,231220,397.24,239964
Tuesday,6/19/2024,1.7,A,200,11:43,11:50,252464,149604,404.64,231220,397.24,239964
Tuesday,6/19/2024,1.7,B,200,11:43,11:50,256927,148136,404.64,231220,397.24,239964
Tuesday,6/19/2024,2.1,A,200,11:43,11:50,216587,128724,404.64,231220,397.24,239964
Tuesday,6/19/2024,2.1,B,200,11:43,11:50,211010,128929,404.64,231220,397.24,239964
Tuesday,6/19/2024,3,A,200,11:43,11:50,401114,225741,404.64,231220,397.24,239964
Tuesday,6/19/2024,3,B,200,11:43,11:50,416351,234914,404.64,231220,397.24,239964
Peter,6/24/2024,0,A,200,8:51,8:57,249096.72,134088.61,391.92,229745,416.4,241399
Peter,6/24/2024,0,B,200,8:51,8:57,262122.22,144030.56,391.92,229745,416.4,241399
Peter,6/24/2024,0.45,A,200,8:51,8:57,300043.84,164617.86,391.92,229745,416.4,241399
Peter,6/24/2024,0.45,B,200,8:51,8:57,382282.91,214734.89,391.92,229745,416.4,241399
Peter,6/24/2024,0.95,A,200,8:51,8:57,353797.1,191010.64,391.92,229745,416.4,241399
Peter,6/24/2024,0.95,B,200,8:51,8:57,395571.1,224622.5,391.92,229745,416.4,241399
Peter,6/24/2024,1.7,A,200,8:51,8:57,122292.2,73995.9,391.92,229745,416.4,241399
Peter,6/24/2024,1.7,B,200,8:51,8:57,138980.5,84980.2,391.92,229745,416.4,241399
Peter,6/24/2024,2.3,A,200,8:51,8:57,166722.1,93993.9,391.92,229745,416.4,241399
Peter,6/24/2024,2.3,B,200,8:51,8:57,126146.66,77481.6,391.92,229745,416.4,241399
Peter,6/24/2024,4,A,200,8:51,8:57,87303.64,55041.1,391.92,229745,416.4,241399
Peter,6/24/2024,4,B,200,8:51,8:57,95838.55,61456.84,391.92,229745,416.4,241399
Paul,6/25/2024,0,A,200,9:31,9:41,74726.7,42736,391.92,229745,416.4,241399
Paul,6/25/2024,0,B,200,9:31,9:41,67643.4,39176,391.92,229745,416.4,241399
Paul,6/25/2024,1.1,A,200,9:31,9:41,67609.8,38722.34,391.92,229745,416.4,241399
Paul,6/25/2024,1.1,B,200,9:31,9:41,67071.88,39767,391.92,229745,416.4,241399
Paul,6/25/2024,2,A,200,9:31,9:41,64340.96,37915,391.92,229745,416.4,241399
Paul,6/25/2024,2,B,200,9:31,9:41,65139.14,38888,391.92,229745,416.4,241399
Paul,6/25/2024,3.4,A,200,9:31,9:41,73169.03,44545,391.92,229745,416.4,241399
Paul,6/25/2024,3.4,B,200,9:31,9:41,77440.51,46210,391.92,229745,416.4,241399
Paul,6/25/2024,4.6,A,200,9:31,9:41,129620,76511,391.92,229745,416.4,241399
Paul,6/25/2024,4.6,B,200,9:31,9:41,128563,75443,391.92,229745,416.4,241399
Paul,6/25/2024,6.6,A,200,9:31,9:41,1776570,1007663,391.92,229745,416.4,241399
Paul,6/25/2024,6.6,B,200,9:31,9:41,1799265,997680,391.92,229745,416.4,241399
Tuesday,6/26/2024,0,A,200,10:18,10:27,417296,226729,443.52,235771,443.71,239633
Tuesday,6/26/2024,0,B,200,10:18,10:27,436292,244482,443.52,235771,443.71,239633
Tuesday,6/26/2024,0.5,A,200,10:18,10:27,270106,156888,443.52,235771,443.71,239633
Tuesday,6/26/2024,0.5,B,200,10:18,10:27,284239,163740,443.52,235771,443.71,239633
Tuesday,6/26/2024,1,A,200,10:18,10:27,311451,177818,443.52,235771,443.71,239633
Tuesday,6/26/2024,1,B,200,10:18,10:27,338584,191625,443.52,235771,443.71,239633
Tuesday,6/26/2024,1.7,A,200,10:18,10:27,343284,201516,443.52,235771,443.71,239633
Tuesday,6/26/2024,1.7,B,200,10:18,10:27,332331,199992,443.52,235771,443.71,239633
Tuesday,6/26/2024,2.3,A,200,10:18,10:27,288438,177259,443.52,235771,443.71,239633
Tuesday,6/26/2024,2.3,B,200,10:18,10:27,282863,179384,443.52,235771,443.71,239633
Tuesday,6/26/2024,3.3,A,200,10:18,10:27,326673,197401,443.52,235771,443.71,239633
Tuesday,6/26/2024,3.3,B,200,10:18,10:27,320237,194516,443.52,235771,443.71,239633
Peter,7/1/2024,0,A,200,9:30,9:39,112164,68760.34,409.77,237363,470.8,229735
Peter,7/1/2024,0,B,200,9:30,9:39,112164.8,68969.84,409.77,237363,470.8,229735
Peter,7/1/2024,0.4,A,200,9:30,9:39,110375.8,68296.74,409.77,237363,470.8,229735
Peter,7/1/2024,0.4,B,200,9:30,9:39,110872.07,68320.79,409.77,237363,470.8,229735
Peter,7/1/2024,0.9,A,200,9:30,9:39,112545.66,69499.21,409.77,237363,470.8,229735
Peter,7/1/2024,0.9,B,200,9:30,9:39,113448,70879.53,409.77,237363,470.8,229735
Peter,7/1/2024,1.7,A,200,9:30,9:39,106478,67194.88,409.77,237363,470.8,229735
Peter,7/1/2024,1.7,B,200,9:30,9:39,115621,73913.91,409.77,237363,470.8,229735
Peter,7/1/2024,2.2,A,200,9:30,9:39,92431.26,60100.38,409.77,237363,470.8,229735
Peter,7/1/2024,2.2,B,200,9:30,9:39,118667.42,75803.69,409.77,237363,470.8,229735
Peter,7/1/2024,4,A,200,9:30,9:39,99244.73,68835.52,409.77,237363,470.8,229735
Peter,7/1/2024,4,B,200,9:30,9:39,93907.64,64763.45,409.77,237363,470.8,229735
Paul,7/2/2024,0,A,200,9:42,9:47,70119.09,40355.45,408.35,238232,384.42,241556
Paul,7/2/2024,,B,200,9:42,9:47,73014.34,42800.23,408.35,238232,384.42,241556
Paul,7/2/2024,0.65,A,200,9:42,9:47,72012.84,43015.88,408.35,238232,384.42,241556
Paul,7/2/2024,0.65,B,200,9:42,9:47,72904.66,42816.01,408.35,238232,384.42,241556
Paul,7/2/2024,1.9,A,200,9:42,9:47,70389.96,42337.24,408.35,238232,384.42,241556
Paul,7/2/2024,1.9,B,200,9:42,9:47,71287.64,41995.47,408.35,238232,384.42,241556
Paul,7/2/2024,3.5,A,200,9:42,9:47,70089.96,45894.02,408.35,238232,384.42,241556
Paul,7/2/2024,3.5,B,200,9:42,9:47,66955.27,43496.32,408.35,238232,384.42,241556
Paul,7/2/2024,4.9,A,200,9:42,9:47,87078.34,55167.22,408.35,238232,384.42,241556
Paul,7/2/2024,4.9,B,200,9:42,9:47,86043.9,54537.08,408.35,238232,384.42,241556
Paul,7/2/2024,6.1,A,200,9:42,9:47,233324,142498,408.35,238232,384.42,241556
Paul,7/2/2024,6.1,B,200,9:42,9:47,244153,149832,408.35,238232,384.42,241556
Tuesday,7/3/2024,0,A,200,10:30,10:30,286862,164384,389.28,243975,370.44,239548
Tuesday,7/3/2024,0,B,200,10:30,10:30,283503,161311,389.28,243975,370.44,239548
Tuesday,7/3/2024,0.5,A,200,10:30,10:30,393386,229223,389.28,243975,370.44,239548
Tuesday,7/3/2024,0.5,B,200,10:30,10:30,370464,212041,389.28,243975,370.44,239548
Tuesday,7/3/2024,1.9,A,200,10:30,10:30,306697,175977,389.28,243975,370.44,239548
Tuesday,7/3/2024,1.9,B,200,10:30,10:30,344239,199901,389.28,243975,370.44,239548
Tuesday,7/3/2024,3.5,A,200,10:30,10:30,467940,263646,389.28,243975,370.44,239548
Tuesday,7/3/2024,3.5,B,200,10:30,10:30,486132,277799,389.28,243975,370.44,239548
Tuesday,7/3/2024,4.9,A,200,10:30,10:30,417250,243693,389.28,243975,370.44,239548
Tuesday,7/3/2024,4.9,B,200,10:30,10:30,422255,249823,389.28,243975,370.44,239548
Tuesday,7/3/2024,6.1,A,200,10:30,10:30,412796,252751,389.28,243975,370.44,239548
Tuesday,7/3/2024,6.1,B,200,10:30,10:30,403923,241662,389.28,243975,370.44,239548
Peter,7/8/2024,0,A,200,8:45,8:57,258467,151181,429.22,233779,390.26,229353
Peter,7/8/2024,0,B,200,8:45,8:57,250014,140252,429.22,233779,390.26,229353
Peter,7/8/2024,0.35,A,200,8:45,8:57,287478,158061,429.22,233779,390.26,229353
Peter,7/8/2024,0.35,B,200,8:45,8:57,305703,180038,429.22,233779,390.26,229353
Peter,7/8/2024,1,A,200,8:45,8:57,280386,146049,429.22,233779,390.26,229353
Peter,7/8/2024,1,B,200,8:45,8:57,260210,144229,429.22,233779,390.26,229353
Peter,7/8/2024,1.6,A,200,8:45,8:57,264429,144487,429.22,233779,390.26,229353
Peter,7/8/2024,1.6,B,200,8:45,8:57,271379,149861,429.22,233779,390.26,229353
Peter,7/8/2024,2.2,A,200,8:45,8:57,142642,84143.62,429.22,233779,390.26,229353
Peter,7/8/2024,2.2,B,200,8:45,8:57,144771,90637.34,429.22,233779,390.26,229353
Peter,7/8/2024,3.6,A,200,8:45,8:57,112392,72360.66,429.22,233779,390.26,229353
Peter,7/8/2024,3.6,B,200,8:45,8:57,109806,70605.63,429.22,233779,390.26,229353
Paul,7/9/2024,0,A,200,9:40,9:48,72112.8,43194.18,394.51,235068,396.54,241793.41
Paul,7/9/2024,0,B,200,9:40,9:48,68695.95,40978.73,394.51,235068,396.54,241793.41
Paul,7/9/2024,0.9,A,200,9:40,9:48,77771.37,46884.23,394.51,235068,396.54,241793.41
Paul,7/9/2024,0.9,B,200,9:40,9:48,70780.61,73151.06,394.51,235068,396.54,241793.41
Paul,7/9/2024,1.9,A,200,9:40,9:48,70544.6,42982.85,394.51,235068,396.54,241793.41
Paul,7/9/2024,1.9,B,200,9:40,9:48,66906.75,39846.02,394.51,235068,396.54,241793.41
Paul,7/9/2024,3.2,A,200,9:40,9:48,77773.13,48828.91,394.51,235068,396.54,241793.41
Paul,7/9/2024,3.2,B,200,9:40,9:48,77967.27,48119.69,394.51,235068,396.54,241793.41
Paul,7/9/2024,4.4,A,200,9:40,9:48,100797,63756.91,394.51,235068,396.54,241793.41
Paul,7/9/2024,4.4,B,200,9:40,9:48,98976.51,62177.98,394.51,235068,396.54,241793.41
Paul,7/9/2024,6.6,A,200,9:40,9:48,1236005,717529.62,394.51,235068,396.54,241793.41
Paul,7/9/2024,6.6,B,200,9:40,9:48,1274451,718180.56,394.51,235068,396.54,241793.41
Tuesday,7/10/2024,0,A,200,10:51,10:57,232124,134984,375.68,232944,390.53,233838
Tuesday,7/10/2024,0,B,200,10:51,10:57,232830,131583,375.68,232944,390.53,233838
Tuesday,7/10/2024,0.5,A,200,10:51,10:57,271564,154117,375.68,232944,390.53,233838
Tuesday,7/10/2024,0.5,B,200,10:51,10:57,254680,150712,375.68,232944,390.53,233838
Tuesday,7/10/2024,1,A,200,10:51,10:57,275708,160661,375.68,232944,390.53,233838
Tuesday,7/10/2024,1,B,200,10:51,10:57,277359,162135,375.68,232944,390.53,233838
Tuesday,7/10/2024,1.8,A,200,10:51,10:57,338114,198046,375.68,232944,390.53,233838
Tuesday,7/10/2024,1.8,B,200,10:51,10:57,334891,199563,375.68,232944,390.53,233838
Tuesday,7/10/2024,2.3,A,200,10:51,10:57,483553,280544,375.68,232944,390.53,233838
Tuesday,7/10/2024,2.3,B,200,10:51,10:57,492556,284456,375.68,232944,390.53,233838
Tuesday,7/10/2024,3.4,A,200,10:51,10:57,499149,310182,375.68,232944,390.53,233838
Tuesday,7/10/2024,3.4,B,200,10:51,10:57,518625,316292,375.68,232944,390.53,233838
Peter,7/15/2024,0,A,200,8:39,8:49,549950,299471,491.22,243478,410.7,231045
Peter,7/15/2024,0,B,200,8:39,8:49,544701,297685,491.22,243478,410.7,231045
Peter,7/15/2024,0.45,A,200,8:39,8:49,513897,282316,491.22,243478,410.7,231045
Peter,7/15/2024,0.45,B,200,8:39,8:49,507020,276414,491.22,243478,410.7,231045
Peter,7/15/2024,1,A,200,8:39,8:49,473711,261159,491.22,243478,410.7,231045
Peter,7/15/2024,1,B,200,8:39,8:49,456520,253507,491.22,243478,410.7,231045
Peter,7/15/2024,1.5,A,200,8:39,8:49,400120,223572,491.22,243478,410.7,231045
Peter,7/15/2024,1.5,B,200,8:39,8:49,405566,223673,491.22,243478,410.7,231045
Peter,7/15/2024,2.1,A,200,8:39,8:49,402669,228967,491.22,243478,410.7,231045
Peter,7/15/2024,2.1,B,200,8:39,8:49,457828,259006,491.22,243478,410.7,231045
Peter,7/15/2024,3.3,A,200,8:39,8:49,266484,160163,491.22,243478,410.7,231045
Peter,7/15/2024,3.3,B,200,8:39,8:49,195383,120747,491.22,243478,410.7,231045
Paul,7/16/2024,0,A,200,9:24,9:34,69970.41,40432.34,403.13,238686,456.75,234167
Paul,7/16/2024,0,B,200,9:24,9:34,72422.22,42286.77,403.13,238686,456.75,234167
Paul,7/16/2024,1,A,200,9:24,9:34,70433.6,40460.65,403.13,238686,456.75,234167
Paul,7/16/2024,1,B,200,9:24,9:34,69254.38,38798.2,403.13,238686,456.75,234167
Paul,7/16/2024,2,A,200,9:24,9:34,76960.05,44304.16,403.13,238686,456.75,234167
Paul,7/16/2024,2,B,200,9:24,9:34,71153.62,41912.27,403.13,238686,456.75,234167
Paul,7/16/2024,3.5,A,200,9:24,9:34,75220.17,45196.4,403.13,238686,456.75,234167
Paul,7/16/2024,3.5,B,200,9:24,9:34,73840.62,44103.96,403.13,238686,456.75,234167
Paul,7/16/2024,4.8,A,200,9:24,9:34,94477.13,58941.21,403.13,238686,456.75,234167
Paul,7/16/2024,4.8,B,200,9:24,9:34,86046.16,53786.59,403.13,238686,456.75,234167
Paul,7/16/2024,6.9,A,200,9:24,9:34,1064082,648395,403.13,238686,456.75,234167
Paul,7/16/2024,6.9,B,200,9:24,9:34,1092798,668691,403.13,238686,456.75,234167
Tuesday,7/17/2024,0,A,200,10:09,10:18,295419,175078,446.29,238883,380.4,234467
Tuesday,7/17/2024,0,B,200,10:09,10:18,323546,190603,446.29,238883,380.4,234467
Tuesday,7/17/2024,0.3,A,200,10:09,10:18,292610,171263,446.29,238883,380.4,234467
Tuesday,7/17/2024,0.3,B,200,10:09,10:18,327146,191252,446.29,238883,380.4,234467
Tuesday,7/17/2024,0.8,A,200,10:09,10:18,325087,188564,446.29,238883,380.4,234467
Tuesday,7/17/2024,0.8,B,200,10:09,10:18,327171,192987,446.29,238883,380.4,234467
Tuesday,7/17/2024,1.8,A,200,10:09,10:18,409470,244102,446.29,238883,380.4,234467
Tuesday,7/17/2024,1.8,B,200,10:09,10:18,401039,242438,446.29,238883,380.4,234467
Tuesday,7/17/2024,2.7,A,200,10:09,10:18,553064,338193,446.29,238883,380.4,234467
Tuesday,7/17/2024,2.7,B,200,10:09,10:18,565833,385766,446.29,238883,380.4,234467
Tuesday,7/17/2024,3.9,A,200,10:09,10:18,605123,372551,446.29,238883,380.4,234467
Tuesday,7/17/2024,3.9,B,200,10:09,10:18,592903,369409,446.29,238883,380.4,234467
Peter,7/22/2024,0,A,200,8:36,8:52,690181.75,368380.44,402.94,239722,395.22,230616.25
Peter,7/22/2024,0,B,200,8:36,8:52,701901.65,373132.25,402.94,239722,395.22,230616.25
Peter,7/22/2024,0.35,A,200,8:36,8:52,636120.56,336402.03,402.94,239722,395.22,230616.25
Peter,7/22/2024,0.35,B,200,8:36,8:52,631166.56,330474.44,402.94,239722,395.22,230616.25
Peter,7/22/2024,0.7,A,200,8:36,8:52,629109.25,328600.09,402.94,239722,395.22,230616.25
Peter,7/22/2024,0.7,B,200,8:36,8:52,649414.31,340373.03,402.94,239722,395.22,230616.25
Peter,7/22/2024,1.3,A,200,8:36,8:52,557491.44,293291.44,402.94,239722,395.22,230616.25
Peter,7/22/2024,1.3,B,200,8:36,8:52,545761.19,291659.88,402.94,239722,395.22,230616.25
Peter,7/22/2024,1.7,A,200,8:36,8:52,296506.88,157987.08,402.94,239722,395.22,230616.25
Peter,7/22/2024,1.7,B,200,8:36,8:52,292856.97,158918.66,402.94,239722,395.22,230616.25
Peter,7/22/2024,3.1,A,200,8:36,8:52,779517.31,423428.94,402.94,239722,395.22,230616.25
Peter,7/22/2024,3.1,B,200,8:36,8:52,642801.69,348507.44,402.94,239722,395.22,230616.25
Paul,7/23/2024,0,A,200,9:30,9:35,61999.04,35226.7,381.43,235053,393.36,235751.5
Paul,7/23/2024,0,B,200,9:30,9:35,63787.4,37666.39,381.43,235053,393.36,235751.5
Paul,7/23/2024,1.3,A,200,9:30,9:35,64406.3,381115.52,381.43,235053,393.36,235751.5
Paul,7/23/2024,1.3,B,200,9:30,9:35,65547.88,38418.3,381.43,235053,393.36,235751.5
Paul,7/23/2024,2.4,A,200,9:30,9:35,68398.76,41161.71,381.43,235053,393.36,235751.5
Paul,7/23/2024,2.4,B,200,9:30,9:35,67860.23,40424.19,381.43,235053,393.36,235751.5
Paul,7/23/2024,4.6,A,200,9:30,9:35,93097.99,58146.82,381.43,235053,393.36,235751.5
Paul,7/23/2024,4.6,B,200,9:30,9:35,93957.8,58445.87,381.43,235053,393.36,235751.5
Paul,7/23/2024,5.7,A,200,9:30,9:35,249100.44,150852.48,381.43,235053,393.36,235751.5
Paul,7/23/2024,5.7,B,200,9:30,9:35,258946.03,155365.8,381.43,235053,393.36,235751.5
Paul,7/23/2024,7.1,A,200,9:30,9:35,2999594.75,1594371.88,381.43,235053,393.36,235751.5
Paul,7/23/2024,7.1,B,200,9:30,9:35,295967.5,1603927.88,381.43,235053,393.36,235751.5
Tuesday,7/24/2024,0,A,200,10:38,10:38,384965.06,222685.73,392.19,231850.33,384.32,234101.23
Tuesday,7/24/2024,0,B,200,10:38,10:38,391356.16,229374.14,392.19,231850.33,384.32,234101.23
Tuesday,7/24/2024,0.35,A,200,10:38,10:38,399971,230731.42,392.19,231850.33,384.32,234101.23
Tuesday,7/24/2024,0.35,B,200,10:38,10:38,388482.53,226160.8,392.19,231850.33,384.32,234101.23
Tuesday,7/24/2024,0.85,A,200,10:38,10:38,416916.03,240068.86,392.19,231850.33,384.32,234101.23
Tuesday,7/24/2024,0.85,B,200,10:38,10:38,416671.84,239047.2,392.19,231850.33,384.32,234101.23
Tuesday,7/24/2024,1.6,A,200,10:38,10:38,532045.94,306032.66,392.19,231850.33,384.32,234101.23
Tuesday,7/24/2024,1.6,B,200,10:38,10:38,517069.25,288121.03,392.19,231850.33,384.32,234101.23
Tuesday,7/24/2024,2.1,A,200,10:38,10:38,448075.59,262582.09,392.19,231850.33,384.32,234101.23
Tuesday,7/24/2024,2.1,B,200,10:38,10:38,559938.62,322480.28,392.19,231850.33,384.32,234101.23
Tuesday,7/24/2024,3,A,200,10:38,10:38,419510.06,250285.09,392.19,231850.33,384.32,234101.23
Tuesday,7/24/2024,3,B,200,10:38,10:38,421241.38,249664.38,392.19,231850.33,384.32,234101.23
Peter,7/29/2024,0,A,200,8:45,8:58,294847,160386.52,400,236444,384.84,229377.25
Peter,7/29/2024,0,B,200,8:45,8:58,304325,164682.38,400,236444,384.84,229377.25
Peter,7/29/2024,0.45,A,200,8:45,8:58,312744,166396.41,400,236444,384.84,229377.25
Peter,7/29/2024,0.45,B,200,8:45,8:58,305924,164747.45,400,236444,384.84,229377.25
Peter,7/29/2024,0.95,A,200,8:45,8:58,317272,169860.22,400,236444,384.84,229377.25
Peter,7/29/2024,0.95,B,200,8:45,8:58,329918,176384.86,400,236444,384.84,229377.25
Peter,7/29/2024,1.7,A,200,8:45,8:58,390299,211780.64,400,236444,384.84,229377.25
Peter,7/29/2024,1.7,B,200,8:45,8:58,402891,217481.45,400,236444,384.84,229377.25
Peter,7/29/2024,2.2,A,200,8:45,8:58,293228,159360.78,400,236444,384.84,229377.25
Peter,7/29/2024,2.2,B,200,8:45,8:58,282753,152966.64,400,236444,384.84,229377.25
Peter,7/29/2024,4,A,200,8:45,8:58,620561,347869.81,400,236444,384.84,229377.25
Peter,7/29/2024,4,B,200,8:45,8:58,594810,329540.66,400,236444,384.84,229377.25
Paul,7/30/2024,0,A,200,9:35,9:43,49813.2,28158.47,397.27,231930,365.94,233062.03
Paul,7/30/2024,0,B,200,9:35,9:43,56248.39,31406.56,397.27,231930,365.94,233062.03
Paul,7/30/2024,0.9,A,200,9:35,9:43,55797.43,31873.41,397.27,231930,365.94,233062.03
Paul,7/30/2024,0.9,B,200,9:35,9:43,53702.39,30478.67,397.27,231930,365.94,233062.03
Paul,7/30/2024,2.2,A,200,9:35,9:43,60238.05,33416.18,397.27,231930,365.94,233062.03
Paul,7/30/2024,2.2,B,200,9:35,9:43,63696.23,35927.9,397.27,231930,365.94,233062.03
Paul,7/30/2024,3.6,A,200,9:35,9:43,76899.88,43943.08,397.27,231930,365.94,233062.03
Paul,7/30/2024,3.6,B,200,9:35,9:43,74932.52,43689.73,397.27,231930,365.94,233062.03
Paul,7/30/2024,4.7,A,200,9:35,9:43,79398.04,47341.84,397.27,231930,365.94,233062.03
Paul,7/30/2024,4.7,B,200,9:35,9:43,83813.94,50110.41,397.27,231930,365.94,233062.03
Paul,7/30/2024,6,A,200,9:35,9:43,182255,106694.43,397.27,231930,365.94,233062.03
Paul,7/30/2024,6,B,200,9:35,9:43,182295,107247.25,397.27,231930,365.94,233062.03
Tuesday,7/31/2024,0,A,200,10:25,10:30,299925,167903,395.66,233059,369.66,229042
Tuesday,7/31/2024,0,B,200,10:25,10:30,296863,164401,395.66,233059,369.66,229042
Tuesday,7/31/2024,0.4,A,200,10:25,10:30,307310,171746,395.66,233059,369.66,229042
Tuesday,7/31/2024,0.4,B,200,10:25,10:30,302496,169515,395.66,233059,369.66,229042
Tuesday,7/31/2024,0.9,A,200,10:25,10:30,261109,157904,395.66,233059,369.66,229042
Tuesday,7/31/2024,0.9,B,200,10:25,10:30,288436,165175,395.66,233059,369.66,229042
Tuesday,7/31/2024,1.5,A,200,10:25,10:30,267254,159828,395.66,233059,369.66,229042
Tuesday,7/31/2024,1.5,B,200,10:25,10:30,253345,148864,395.66,233059,369.66,229042
Tuesday,7/31/2024,2,A,200,10:25,10:30,347905,204159,395.66,233059,369.66,229042
Tuesday,7/31/2024,2,B,200,10:25,10:30,372245,219318,395.66,233059,369.66,229042
Tuesday,7/31/2024,2.8,A,200,10:25,10:30,424680,266076,395.66,233059,369.66,229042
Tuesday,7/31/2024,2.8,B,200,10:25,10:30,415727,268367,395.66,233059,369.66,229042
Peter,8/5/2024,0,A,200,8:40,8:51,708050,384096,463.79,242853,446.19,232964
Peter,8/5/2024,0,B,200,8:40,8:51,723766,386568,463.79,242853,446.19,232964
Peter,8/5/2024,0.45,A,200,8:40,8:51,751970,398540,463.79,242853,446.19,232964
Peter,8/5/2024,0.45,B,200,8:40,8:51,737786,393723,463.79,242853,446.19,232964
Peter,8/5/2024,1,A,200,8:40,8:51,749089,400298,463.79,242853,446.19,232964
Peter,8/5/2024,1,B,200,8:40,8:51,832628,437644,463.79,242853,446.19,232964
Peter,8/5/2024,1.5,A,200,8:40,8:51,743063,390625,463.79,242853,446.19,232964
Peter,8/5/2024,1.5,B,200,8:40,8:51,748631,395835,463.79,242853,446.19,232964
Peter,8/5/2024,1.9,A,200,8:40,8:51,774987,408014,463.79,242853,446.19,232964
Peter,8/5/2024,1.9,B,200,8:40,8:51,716860,375253,463.79,242853,446.19,232964
Peter,8/5/2024,3,A,200,8:40,8:51,380749,208611,463.79,242853,446.19,232964
Peter,8/5/2024,3,B,200,8:40,8:51,388232,212871,463.79,242853,446.19,232964
Paul,8/6/2024,0,A,200,9:30,9:38,60246.97,37342.27,419.41,232702,393.96,231542
Paul,8/6/2024,0,B,200,9:30,9:38,66476.79,41244.68,419.41,232702,393.96,231542
Paul,8/6/2024,0.8,A,200,9:30,9:38,59333.32,37033.02,419.41,232702,393.96,231542
Paul,8/6/2024,0.8,B,200,9:30,9:38,59745.19,37343.2,419.41,232702,393.96,231542
Paul,8/6/2024,1.8,A,200,9:30,9:38,73959.89,45744.61,419.41,232702,393.96,231542
Paul,8/6/2024,1.8,B,200,9:30,9:38,78213.96,48087.24,419.41,232702,393.96,231542
Paul,8/6/2024,3.1,A,200,9:30,9:38,78451.89,49321.36,419.41,232702,393.96,231542
Paul,8/6/2024,3.1,B,200,9:30,9:38,78559.31,48805.48,419.41,232702,393.96,231542
Paul,8/6/2024,4.3,A,200,9:30,9:38,136016,83823.45,419.41,232702,393.96,231542
Paul,8/6/2024,4.3,B,200,9:30,9:38,139128,86177.02,419.41,232702,393.96,231542
Paul,8/6/2024,6.7,A,200,9:30,9:38,1221625,677084,419.41,232702,393.96,231542
Paul,8/6/2024,6.7,B,200,9:30,9:38,1238114,692049,419.41,232702,393.96,231542
Tuesday,8/7/2024,0,A,200,10:20,10:32,275916,160761,395.35,230422,420.93,234743
Tuesday,8/7/2024,0,B,200,10:20,10:32,282650,163735,371.29,228142,447.9,237944
Tuesday,8/7/2024,0.45,A,200,10:20,10:32,296930,174999,347.23,225862,474.87,241145
Tuesday,8/7/2024,0.45,B,200,10:20,10:32,298389,171848,323.17,223582,501.84,244346
Tuesday,8/7/2024,0.9,A,200,10:20,10:32,265444,156204,299.11,221302,528.81,247547
Tuesday,8/7/2024,0.9,B,200,10:20,10:32,276751,163185,275.05,219022,555.78,250748
Tuesday,8/7/2024,1.6,A,200,10:20,10:32,301021,174316,250.99,216742,582.75,253949
Tuesday,8/7/2024,1.6,B,200,10:20,10:32,285096,164463,226.93,214462,609.72,257150
Tuesday,8/7/2024,1.9,A,200,10:20,10:32,272781,161584,202.87,212182,636.69,260351
Tuesday,8/7/2024,1.9,B,200,10:20,10:32,310916,178913,178.81,209902,663.66,263552
Tuesday,8/7/2024,2.9,A,200,10:20,10:32,369118,228141,154.75,207622,690.63,266753
Tuesday,8/7/2024,2.9,B,200,10:20,10:32,389734,237543,130.69,205342,717.6,269954
Peter,8/12/2024,0,A,200,10:35,10:44,56352,34375,415,239373,390,237610
Peter,8/12/2024,0,B,200,10:35,10:44,51704,32030,415,239373,390,237610
Peter,8/12/2024,0.5,A,200,10:35,10:44,54904,33151,415,239373,390,237610
Peter,8/12/2024,0.5,B,200,10:35,10:44,52405,30488,415,239373,390,237610
Peter,8/12/2024,1.2,A,200,10:35,10:44,51122,30782,415,239373,390,237610
Peter,8/12/2024,1.2,B,200,10:35,10:44,49540,30088,415,239373,390,237610
Peter,8/12/2024,1.9,A,200,10:35,10:44,40733,24317,415,239373,390,237610
Peter,8/12/2024,1.9,B,200,10:35,10:44,40410,24341,415,239373,390,237610
Peter,8/12/2024,2.5,A,200,10:35,10:44,65071,39504,415,239373,390,237610
Peter,8/12/2024,2.5,B,200,10:35,10:44,65250,39290,415,239373,390,237610
Peter,8/12/2024,4.2,A,200,10:35,10:44,315293,173573,415,239373,390,237610
Peter,8/12/2024,4.2,B,200,10:35,10:44,311354,170406,415,239373,390,237610
Paul,8/13/2024,0,A,200,11:35,11:40,51922,31530,408,228344,439,231196
Paul,8/13/2024,0,B,200,11:35,11:40,82101,50862,408,228344,439,231196
Paul,8/13/2024,0.85,A,200,11:35,11:40,78664,48494,408,228344,439,231196
Paul,8/13/2024,0.85,B,200,11:35,11:40,72895,45760,408,228344,439,231196
Paul,8/13/2024,1.9,A,200,11:35,11:40,76525,48638,408,228344,439,231196
Paul,8/13/2024,1.9,B,200,11:35,11:40,80817,50738,408,228344,439,231196
Paul,8/13/2024,3.3,A,200,11:35,11:40,94062,60859,408,228344,439,231196
Paul,8/13/2024,3.3,B,200,11:35,11:40,89511,58631,408,228344,439,231196
Paul,8/13/2024,4.2,A,200,11:35,11:40,94743,60914,408,228344,439,231196
Paul,8/13/2024,4.2,B,200,11:35,11:40,95554,63875,408,228344,439,231196
Paul,8/13/2024,6.6,A,200,11:35,11:40,165186,106405,408,228344,439,231196
Paul,8/13/2024,6.6,B,200,11:35,11:40,162520,105119,408,228344,439,231196
Tuesday,8/14/2024,0,A,200,12:35,12:43,399875,228349,391,239689,394,237897
Tuesday,8/14/2024,0,B,200,12:35,12:43,403543,238863,391,239689,394,237897
Tuesday,8/14/2024,0.4,A,200,12:35,12:43,361059,211870,391,239689,394,237897
Tuesday,8/14/2024,0.4,B,200,12:35,12:43,363809,215951,391,239689,394,237897
Tuesday,8/14/2024,0.85,A,200,12:35,12:43,386893,227600,391,239689,394,237897
Tuesday,8/14/2024,0.85,B,200,12:35,12:43,395508,232283,391,239689,394,237897
Tuesday,8/14/2024,1.5,A,200,12:35,12:43,405965,233886,391,239689,394,237897
Tuesday,8/14/2024,1.5,B,200,12:35,12:43,426114,244572,391,239689,394,237897
Tuesday,8/14/2024,1.9,A,200,12:35,12:43,552623,316555,391,239689,394,237897
Tuesday,8/14/2024,1.9,B,200,12:35,12:43,581610,337178,391,239689,394,237897
Tuesday,8/14/2024,2.8,A,200,12:35,12:43,411616,241012,391,239689,394,237897
Tuesday,8/14/2024,2.8,B,200,12:35,12:43,404102,243395,391,239689,394,237897
Peter,8/19/2024,0,A,200,9:27,,196426,118864,487,229224,374,229164
Peter,8/19/2024,0,B,200,9:27,,197034,117493,487,229224,374,229164
Peter,8/19/2024,0.55,A,200,9:27,,195726,116679,487,229224,374,229164
Peter,8/19/2024,0.55,B,200,9:27,,206248,124718,487,229224,374,229164
Peter,8/19/2024,1.2,A,200,9:27,,206894,126066,487,229224,374,229164
Peter,8/19/2024,1.2,B,200,9:27,,212150,132556,487,229224,374,229164
Peter,8/19/2024,1.9,A,200,9:27,,216417,135659,487,229224,374,229164
Peter,8/19/2024,1.9,B,200,9:27,,218287,133986,487,229224,374,229164
Peter,8/19/2024,2.6,A,200,9:27,,230439,141296,487,229224,374,229164
Peter,8/19/2024,2.6,B,200,9:27,,225995,138367,487,229224,374,229164
Peter,8/19/2024,4.2,A,200,9:27,,332260,188570,487,229224,374,229164
Peter,8/19/2024,4.2,B,200,9:27,,323825,181489,487,229224,374,229164
Paul,8/20/2024,0,A,200,10:12,,61841,36883,419,233553,403,236960
Paul,8/20/2024,0,B,200,10:12,,78795,46075,419,233553,403,236960
Paul,8/20/2024,0.65,A,200,10:12,,75088,45527,419,233553,403,236960
Paul,8/20/2024,0.65,B,200,10:12,,79783,48465,419,233553,403,236960
Paul,8/20/2024,1.9,A,200,10:12,,71992,43262,419,233553,403,236960
Paul,8/20/2024,1.9,B,200,10:12,,93819,56618,419,233553,403,236960
Paul,8/20/2024,3,A,200,10:12,,84129,51412,419,233553,403,236960
Paul,8/20/2024,3,B,200,10:12,,69108,42192,419,233553,403,236960
Paul,8/20/2024,4.2,A,200,10:12,,89724,56312,419,233553,403,236960
Paul,8/20/2024,4.2,B,200,10:12,,84273,52796,419,233553,403,236960
Paul,8/20/2024,6.5,A,200,10:12,,152735,92067,419,233553,403,236960
Paul,8/20/2024,6.5,B,200,10:12,,175160,103570,419,233553,403,236960
Tuesday,8/21/2024,0,A,200,10:55,,426906,243688,391,227909,413,238315
Tuesday,8/21/2024,0,B,200,10:55,,433787,239274,391,227909,413,238315
Tuesday,8/21/2024,0.35,A,200,10:55,,461998,254140,391,227909,413,238315
Tuesday,8/21/2024,0.35,B,200,10:55,,422021,232287,391,227909,413,238315
Tuesday,8/21/2024,0.75,A,200,10:55,,425972,240695,391,227909,413,238315
Tuesday,8/21/2024,0.75,B,200,10:55,,425207,237638,391,227909,413,238315
Tuesday,8/21/2024,1.5,A,200,10:55,,453664,253452,391,227909,413,238315
Tuesday,8/21/2024,1.5,B,200,10:55,,419056,236741,391,227909,413,238315
Tuesday,8/21/2024,2,A,200,10:55,,417924,238877,391,227909,413,238315
Tuesday,8/21/2024,2,B,200,10:55,,419635,240725,391,227909,413,238315
Tuesday,8/21/2024,2.9,A,200,10:55,,644734,377616,391,227909,413,238315
Tuesday,8/21/2024,2.9,B,200,10:55,,675656,396148,391,227909,413,238315
