"lake","date","year","doy","depth","IrradianceWater_uEinst_m2_s","IrradianceDeck_uEinst_m2_s","water_over_deck","Percent_surface_irradiance"
"R",2022-05-30,2022,150,0,490,366,1.338797814,1
"R",2022-05-30,2022,150,0.25,420,362,1.160220994,0.8666140489
"R",2022-05-30,2022,150,0.5,313,400,0.7825,0.5844795918
"R",2022-05-30,2022,150,0.75,244,416,0.5865384615,0.4381083203
"R",2022-05-30,2022,150,1,201,478,0.4205020921,0.3140893177
"R",2022-05-30,2022,150,1.5,133,460,0.2891304348,0.2159627329
"R",2022-05-30,2022,150,2,90,473,0.1902748414,0.1421236571
"R",2022-05-30,2022,150,2.5,61.1,478,0.1278242678,0.09547690206
"R",2022-05-30,2022,150,3,39.2,472,0.08305084746,0.06203389831
"R",2022-05-30,2022,150,3.5,16.1,428,0.03761682243,0.02809746328
"R",2022-05-30,2022,150,4,9,415,0.02168674699,0.01619867224
"R",2022-05-30,2022,150,4.5,3.4,402,0.008457711443,0.006317392629
"L",2022-05-31,2022,151,0,1747,1500,1.164666667,1
"L",2022-05-31,2022,151,0.25,1475,1487,0.9919300605,0.851685799
"L",2022-05-31,2022,151,0.5,1270,1500,0.8466666667,0.7269605037
"L",2022-05-31,2022,151,0.75,1025,1511,0.6783587028,0.5824488004
"L",2022-05-31,2022,151,1,840,1513,0.5551883675,0.4766929314
"L",2022-05-31,2022,151,1.5,625,1609,0.3884400249,0.3335203419
"L",2022-05-31,2022,151,2,472,1594,0.2961104141,0.2542447745
"L",2022-05-31,2022,151,2.5,324,1598,0.2027534418,0.1740870994
"L",2022-05-31,2022,151,3,255,1512,0.1686507937,0.1448060621
"L",2022-05-31,2022,151,3.5,163,1597,0.1020663745,0.08763569644
"L",2022-05-31,2022,151,4,112,1590,0.07044025157,0.06048104027
"L",2022-05-31,2022,151,4.5,78,1614,0.04832713755,0.041494394
"L",2022-05-31,2022,151,5,59,1609,0.03666873835,0.03148432027
"L",2022-05-31,2022,151,5.5,38,1629,0.0233271946,0.02002907378
"L",2022-05-31,2022,151,6,26,1618,0.01606922126,0.01379727069
"L",2022-05-31,2022,151,6.5,10,1614,0.006195786865,0.005319794103
"T",2022-06-02,2022,153,0,1735,1518,1.142951252,1
"T",2022-06-02,2022,153,0.25,1376,1511,0.9106551952,0.7967576867
"T",2022-06-02,2022,153,0.5,847,1511,0.5605559232,0.490446047
"T",2022-06-02,2022,153,0.75,658.9,1490,0.4422147651,0.3869060596
"T",2022-06-02,2022,153,1,493.8,1511,0.3268034414,0.2859294663
"T",2022-06-02,2022,153,1.5,299.9,1482,0.2023616734,0.1770518849
"T",2022-06-02,2022,153,2,181.1,1438,0.1259388039,0.11018738
"T",2022-06-02,2022,153,2.5,111.8,1505,0.07428571429,0.064994648
"T",2022-06-02,2022,153,3,39.09,1508,0.02592175066,0.02267966427
"T",2022-06-02,2022,153,3.5,21.77,1530,0.01422875817,0.01244913827
"T",2022-06-02,2022,153,4,11.39,1535,0.00742019544,0.006492136414
"R",2022-06-06,2022,157,0,1621,1433,1.131193301,1
"R",2022-06-06,2022,157,0.25,517,583,0.8867924528,0.7839442226
"R",2022-06-06,2022,157,0.5,432,600,0.72,0.6364959901
"R",2022-06-06,2022,157,0.75,589,1075,0.5479069767,0.4843619356
"R",2022-06-06,2022,157,1,229,555,0.4126126126,0.3647587131
"R",2022-06-06,2022,157,1.5,112,445,0.2516853933,0.2224954772
"R",2022-06-06,2022,157,2,63.3,395,0.1602531646,0.1416673565
"R",2022-06-06,2022,157,2.5,42.5,372,0.1142473118,0.1009971609
"R",2022-06-06,2022,157,3,27.5,343.1,0.08015155931,0.07085575848
"R",2022-06-06,2022,157,3.5,14.8,333,0.04444444444,0.03928987593
"R",2022-06-06,2022,157,4,6.75,380,0.01776315789,0.01570302607
"R",2022-06-06,2022,157,4.5,4.4,464,0.009482758621,0.008382969219
"L",2022-06-07,2022,158,0,1827,1656,1.10326087,1
"L",2022-06-07,2022,158,0.25,1588,1644,0.9659367397,0.8755288675
"L",2022-06-07,2022,158,0.5,1148,1598,0.7183979975,0.6511587761
"L",2022-06-07,2022,158,0.75,961,1595,0.602507837,0.5461154779
"L",2022-06-07,2022,158,1,749,1630,0.4595092025,0.416500952
"L",2022-06-07,2022,158,1.5,533,1620,0.3290123457,0.2982180867
"L",2022-06-07,2022,158,2,349,1623,0.2150338879,0.1949075634
"L",2022-06-07,2022,158,2.5,244,1627,0.1499692686,0.1359327361
"L",2022-06-07,2022,158,3,182,1622,0.1122071517,0.1017050045
"L",2022-06-07,2022,158,3.5,128,1620,0.07901234568,0.0716171015
"L",2022-06-07,2022,158,4,90,1606,0.05603985056,0.05079474139
"L",2022-06-07,2022,158,4.5,57.6,1606,0.03586550436,0.03250863449
"L",2022-06-07,2022,158,5,40.3,1612,0.025,0.02266009852
"L",2022-06-07,2022,158,5.5,20,1604,0.01246882793,0.01130179477
"L",2022-06-07,2022,158,6,16.08,1644,0.009781021898,0.008865556794
"T",2022-06-08,2022,159,0,932.6,937.6,0.9946672355,1
"T",2022-06-08,2022,159,0.25,671.6,793.4,0.8464834888,0.8510217876
"T",2022-06-08,2022,159,0.5,465,724.3,0.6419991716,0.6454411573
"T",2022-06-08,2022,159,0.75,288.4,643.7,0.4480347988,0.4504368726
"T",2022-06-08,2022,159,1,203,610.6,0.3324598755,0.3342423111
"T",2022-06-08,2022,159,1.5,116.4,626,0.185942492,0.1869393958
"T",2022-06-08,2022,159,2,64.5,636.7,0.1013035967,0.1018467213
"T",2022-06-08,2022,159,2.5,34.49,637.6,0.05409347553,0.05438348988
"T",2022-06-08,2022,159,3,16.02,672.4,0.0238251041,0.02395283895
"T",2022-06-08,2022,159,3.5,6.787,711,0.009545710267,0.009596888212
"R",2022-06-13,2022,164,0,391.3,356.1,1.098848638,1
"R",2022-06-13,2022,164,0.25,245.8,255.7,0.9612827532,0.8748090683
"R",2022-06-13,2022,164,0.5,162.7,230.9,0.7046340407,0.6412475898
"R",2022-06-13,2022,164,0.75,117.7,223.2,0.5273297491,0.4798929815
"R",2022-06-13,2022,164,1,87.65,217.5,0.4029885057,0.366737048
"R",2022-06-13,2022,164,1.5,54.18,253.8,0.2134751773,0.1942716858
"R",2022-06-13,2022,164,2,34.55,231.2,0.1494377163,0.1359948141
"R",2022-06-13,2022,164,2.5,26.47,226.2,0.117020336,0.1064935897
"R",2022-06-13,2022,164,3,14.93,224,0.06665178571,0.06065602068
"R",2022-06-13,2022,164,3.5,11.46,223.9,0.05118356409,0.04657926699
"R",2022-06-13,2022,164,4,3.38,228.5,0.01479212254,0.01346147415
"R",2022-06-13,2022,164,4.5,1.074,213.9,0.005021037868,0.004569362599
"L",2022-06-14,2022,165,0,581,496,1.171370968,1
"L",2022-06-14,2022,165,0.25,712,695,1.024460432,0.8745823995
"L",2022-06-14,2022,165,0.5,611,663,0.9215686275,0.7867436131
"L",2022-06-14,2022,165,0.75,449,724,0.6201657459,0.5294358175
"L",2022-06-14,2022,165,1,392,659,0.5948406677,0.5078157851
"L",2022-06-14,2022,165,1.5,243,631,0.3851030111,0.3287626394
"L",2022-06-14,2022,165,2,145,538,0.2695167286,0.2300865704
"L",2022-06-14,2022,165,2.5,107,585,0.1829059829,0.1561469321
"L",2022-06-14,2022,165,3,74,519,0.1425818882,0.1217222316
"L",2022-06-14,2022,165,3.5,51,518,0.09845559846,0.08405159524
"L",2022-06-14,2022,165,4,40,568,0.07042253521,0.06011975467
"L",2022-06-14,2022,165,4.5,40,746,0.05361930295,0.04577482661
"L",2022-06-14,2022,165,5,31,815,0.03803680982,0.03247204418
"L",2022-06-14,2022,165,5.5,24,969,0.02476780186,0.02114428523
"L",2022-06-14,2022,165,6,16,1137,0.01407211961,0.01201337578
"L",2022-06-14,2022,165,6.5,7,721,0.009708737864,0.008288354528
"T",2022-06-15,2022,166,0,787,637,1.235478807,1
"T",2022-06-15,2022,166,0.25,638,679,0.9396170839,0.7605286944
"T",2022-06-15,2022,166,0.5,424,628,0.6751592357,0.5464757727
"T",2022-06-15,2022,166,0.75,337,725,0.4648275862,0.3762327477
"T",2022-06-15,2022,166,1,229,729,0.3141289438,0.2542568452
"T",2022-06-15,2022,166,1.5,121,716,0.1689944134,0.1367845506
"T",2022-06-15,2022,166,2,68,716,0.09497206704,0.07687065655
"T",2022-06-15,2022,166,2.5,40.4,730,0.05534246575,0.04479434649
"T",2022-06-15,2022,166,3,19.6,743,0.0263795424,0.02135167536
"T",2022-06-15,2022,166,3.5,6.9,740,0.009324324324,0.007547134174
"R",2022-06-20,2022,171,0,1969,1492,1.319705094,1
"R",2022-06-20,2022,171,0.25,1320,1428,0.9243697479,0.7004365992
"R",2022-06-20,2022,171,0.5,1026,1438,0.7134909597,0.5406442417
"R",2022-06-20,2022,171,0.75,804,1444,0.5567867036,0.4219023676
"R",2022-06-20,2022,171,1,620,1422,0.4360056259,0.330381104
"R",2022-06-20,2022,171,1.5,421,1444,0.2915512465,0.2209215134
"R",2022-06-20,2022,171,2,260,1445,0.1799307958,0.1363416696
"R",2022-06-20,2022,171,2.5,182,1442,0.1262135922,0.09563772454
"R",2022-06-20,2022,171,3,125,1448,0.08632596685,0.06541307392
"R",2022-06-20,2022,171,3.5,80,1444,0.05540166205,0.04198033508
"R",2022-06-20,2022,171,4,40,1443,0.02772002772,0.02100471374
"R",2022-06-20,2022,171,4.5,11.5,1442,0.007975034674,0.006043043034
"L",2022-06-21,2022,172,0,1408,1298,1.084745763,1
"L",2022-06-21,2022,172,0.25,1309,1327,0.986435569,0.9093702901
"L",2022-06-21,2022,172,0.5,1121,1358,0.8254786451,0.7609881259
"L",2022-06-21,2022,172,0.75,986,1351,0.7298297557,0.6728118061
"L",2022-06-21,2022,172,1,788,1389,0.5673146148,0.5229931605
"L",2022-06-21,2022,172,1.5,579,1358,0.4263622975,0.393052743
"L",2022-06-21,2022,172,2,401,1344,0.2983630952,0.2750534784
"L",2022-06-21,2022,172,2.5,279,1302,0.2142857143,0.1975446429
"L",2022-06-21,2022,172,3,218,1369,0.1592403214,0.1467996713
"L",2022-06-21,2022,172,3.5,151.1,1301,0.1161414297,0.1070678805
"L",2022-06-21,2022,172,4,114.2,1331,0.08580015026,0.07909701352
"L",2022-06-21,2022,172,4.5,80.72,1360,0.05935294118,0.05471599265
"L",2022-06-21,2022,172,5,56.48,1379,0.04095721537,0.03775743292
"L",2022-06-21,2022,172,5.5,38.86,1437,0.02704244955,0.02492975818
"L",2022-06-21,2022,172,6,27.63,1438,0.01921418637,0.01771307806
"L",2022-06-21,2022,172,6.5,11.47,1466,0.007824010914,0.007212760061
"T",2022-06-22,2022,173,0,2132,1864,1.143776824,1
"T",2022-06-22,2022,173,0.25,1611,1804,0.8930155211,0.7807602867
"T",2022-06-22,2022,173,0.5,1288,2010,0.6407960199,0.5602456759
"T",2022-06-22,2022,173,0.75,548.1,1308,0.4190366972,0.3663622907
"T",2022-06-22,2022,173,1,751.3,1932,0.3888716356,0.3399890848
"T",2022-06-22,2022,173,1.5,437.3,2097,0.2085360038,0.1823222848
"T",2022-06-22,2022,173,2,71.42,502.1,0.1422425812,0.1243621817
"T",2022-06-22,2022,173,2.5,19.48,341.6,0.05702576112,0.04985741967
"T",2022-06-22,2022,173,3,10.25,284.3,0.03605346465,0.03152141562
"T",2022-06-22,2022,173,3.5,27.56,1905,0.0144671916,0.01264861405
"T",2022-06-22,2022,173,4,19.48,1927,0.01010897769,0.008838243155
"R",2022-06-27,2022,178,0,1294,1032,1.253875969,1
"R",2022-06-27,2022,178,0.25,975,1050,0.9285714286,0.7405608302
"R",2022-06-27,2022,178,0.5,720,1068,0.6741573034,0.537658684
"R",2022-06-27,2022,178,0.75,526,952,0.5525210084,0.4406504487
"R",2022-06-27,2022,178,1,466,976,0.4774590164,0.3807864798
"R",2022-06-27,2022,178,1.5,277,1013,0.2734452122,0.2180799529
"R",2022-06-27,2022,178,2,166,1030,0.1611650485,0.1285334854
"R",2022-06-27,2022,178,2.5,100,1025,0.09756097561,0.07780751687
"R",2022-06-27,2022,178,3,78,1020,0.07647058824,0.06098736249
"R",2022-06-27,2022,178,3.5,48,1047,0.04584527221,0.0365628446
"R",2022-06-27,2022,178,4,26,1019,0.02551521099,0.0203490709
"R",2022-06-27,2022,178,4.5,5.7,982,0.005804480652,0.004629230319
"L",2022-06-27,2022,178,0,1910,1633,1.169626454,1
"L",2022-06-27,2022,178,0.25,1746,1631,1.07050889,0.9152570774
"L",2022-06-27,2022,178,0.5,1355,1655,0.8187311178,0.699993673
"L",2022-06-27,2022,178,0.75,1219,1649,0.7392359005,0.6320273432
"L",2022-06-27,2022,178,1,872,1697,0.513847967,0.4393265603
"L",2022-06-27,2022,178,1.5,654,1646,0.397326853,0.3397040581
"L",2022-06-27,2022,178,2,472,1642,0.287454324,0.245765922
"L",2022-06-27,2022,178,2.5,369,1647,0.2240437158,0.191551512
"L",2022-06-27,2022,178,3,270,1641,0.1645338208,0.1406721097
"L",2022-06-27,2022,178,3.5,208,1642,0.1266747868,0.1083036267
"L",2022-06-27,2022,178,4,144,1637,0.08796579108,0.07520844861
"L",2022-06-27,2022,178,4.5,110,1636,0.06723716381,0.05748601493
"L",2022-06-27,2022,178,5,70,1638,0.04273504274,0.03653734282
"L",2022-06-27,2022,178,5.5,49,1633,0.0300061237,0.02565445026
"L",2022-06-27,2022,178,6,34,1631,0.02084610668,0.0178228755
"L",2022-06-27,2022,178,6.5,17,1622,0.01048088779,0.008960884694
"T",2022-06-28,2022,179,0,467.4,439.3,1.063965399,1
"T",2022-06-28,2022,179,0.25,425.9,439.6,0.9688353048,0.9105891087
"T",2022-06-28,2022,179,0.5,1052,1776,0.5923423423,0.5567308322
"T",2022-06-28,2022,179,0.75,772.2,1770,0.4362711864,0.4100426449
"T",2022-06-28,2022,179,1,548.2,1636,0.3350855746,0.3149402929
"T",2022-06-28,2022,179,1.5,371.6,1515,0.2452805281,0.2305343089
"T",2022-06-28,2022,179,2,122.3,1014,0.1206114398,0.1133603028
"T",2022-06-28,2022,179,2.5,111.9,1920,0.05828125,0.05477739222
"T",2022-06-28,2022,179,3,21.85,904.86,0.02414738192,0.02269564586
"T",2022-06-28,2022,179,3.5,25.31,1696,0.01492334906,0.01402616012
"T",2022-06-28,2022,179,4,14.92,1924,0.007754677755,0.007288467988
"R",2022-07-05,2022,186,0,303,255,1.188235294,1
"R",2022-07-05,2022,186,0.25,270,252,1.071428571,0.9016973126
"R",2022-07-05,2022,186,0.5,187,232,0.8060344828,0.6783458518
"R",2022-07-05,2022,186,0.75,143,254,0.562992126,0.4738052545
"R",2022-07-05,2022,186,1,107,246,0.4349593496,0.3660548982
"R",2022-07-05,2022,186,1.5,71,271,0.2619926199,0.2204888386
"R",2022-07-05,2022,186,2,50,296,0.1689189189,0.1421594862
"R",2022-07-05,2022,186,2.5,29,258,0.1124031008,0.09459666897
"R",2022-07-05,2022,186,3,20.7,235,0.08808510638,0.07413103012
"R",2022-07-05,2022,186,3.5,11.5,225,0.05111111111,0.04301430143
"R",2022-07-05,2022,186,4,8.1,240,0.03375,0.02840346535
"R",2022-07-05,2022,186,4.5,4.5,266,0.01691729323,0.01423732599
"R",2022-07-05,2022,186,5,3.4,263,0.01292775665,0.0108797952
"R",2022-07-05,2022,186,5.5,1.1,219,0.00502283105,0.004227135042
"L",2022-07-05,2022,186,0,585,513,1.140350877,1
"L",2022-07-05,2022,186,0.25,535,508,1.053149606,0.9235311932
"L",2022-07-05,2022,186,0.5,446,533,0.8367729831,0.733785539
"L",2022-07-05,2022,186,0.75,360,550,0.6545454545,0.573986014
"L",2022-07-05,2022,186,1,318,628,0.5063694268,0.4440470358
"L",2022-07-05,2022,186,1.5,205,618,0.3317152104,0.2908887229
"L",2022-07-05,2022,186,2,129,580,0.2224137931,0.1950397878
"L",2022-07-05,2022,186,2.5,92.3,560,0.1648214286,0.1445357143
"L",2022-07-05,2022,186,3,72,561,0.128342246,0.1125462773
"L",2022-07-05,2022,186,3.5,60,522,0.1149425287,0.100795756
"L",2022-07-05,2022,186,4,170,2916,0.05829903978,0.05112377335
"L",2022-07-05,2022,186,4.5,105,1991,0.05273731793,0.04624657111
"L",2022-07-05,2022,186,5,85,2113,0.04022716517,0.03527612946
"L",2022-07-05,2022,186,5.5,56,2059,0.02719766877,0.02385026338
"L",2022-07-05,2022,186,6,34.6,2050,0.01687804878,0.01480075047
"L",2022-07-05,2022,186,6.5,19.6,2041,0.009603135718,0.008421211322
"T",2022-07-06,2022,187,0,1519,1386,1.095959596,1
"T",2022-07-06,2022,187,0.25,1365,1512,0.9027777778,0.8237327189
"T",2022-07-06,2022,187,0.5,322,602.4,0.5345285525,0.4877265133
"T",2022-07-06,2022,187,0.75,275.8,729.6,0.3780153509,0.3449172326
"T",2022-07-06,2022,187,1,476.7,1474,0.3234056988,0.2950890708
"T",2022-07-06,2022,187,1.5,113.1,679.9,0.1663479924,0.1517829608
"T",2022-07-06,2022,187,2,70.38,713.5,0.09864050456,0.09000377835
"T",2022-07-06,2022,187,2.5,35.9,722.6,0.04968170495,0.04533169392
"T",2022-07-06,2022,187,3,18.45,718.6,0.02567492346,0.02342688869
"T",2022-07-06,2022,187,3.5,11.52,1058,0.01088846881,0.009935100572
"R",2022-07-11,2022,192,0,1522,1201,1.267277269,1
"R",2022-07-11,2022,192,0.25,1136,1210,0.9388429752,0.7408346999
"R",2022-07-11,2022,192,0.5,814,1211,0.6721717589,0.5304062302
"R",2022-07-11,2022,192,0.75,661,1200,0.5508333333,0.4346588918
"R",2022-07-11,2022,192,1,480,1186,0.4047217538,0.3193632236
"R",2022-07-11,2022,192,1.5,284,1205,0.2356846473,0.1859771757
"R",2022-07-11,2022,192,2,185,1197,0.1545530493,0.1219567754
"R",2022-07-11,2022,192,2.5,114,1171,0.09735269001,0.07682035526
"R",2022-07-11,2022,192,3,75,1179,0.06361323155,0.0501967747
"R",2022-07-11,2022,192,3.5,47,1166,0.04030874786,0.0318073628
"R",2022-07-11,2022,192,4,31,1167,0.0265638389,0.02096134726
"R",2022-07-11,2022,192,4.5,11,1219,0.009023789992,0.007120612208
"L",2022-07-12,2022,193,0,217,209,1.038277512,1
"L",2022-07-12,2022,193,0.25,176,219,0.803652968,0.7740252088
"L",2022-07-12,2022,193,0.5,167,241,0.6929460581,0.6673996596
"L",2022-07-12,2022,193,0.75,139,262,0.5305343511,0.5109754811
"L",2022-07-12,2022,193,1,165,384,0.4296875,0.4138464862
"L",2022-07-12,2022,193,1.5,110,399,0.2756892231,0.2655255651
"L",2022-07-12,2022,193,2,75,407,0.1842751843,0.1774816291
"L",2022-07-12,2022,193,2.5,58,420,0.1380952381,0.1330041694
"L",2022-07-12,2022,193,3,45,433,0.103926097,0.1000947201
"L",2022-07-12,2022,193,3.5,34,459,0.07407407407,0.07134323263
"L",2022-07-12,2022,193,4,31,512,0.060546875,0.05831473214
"L",2022-07-12,2022,193,4.5,23,542,0.04243542435,0.04087098475
"L",2022-07-12,2022,193,5,17,522,0.03256704981,0.03136642124
"L",2022-07-12,2022,193,5.5,5.8,438,0.01324200913,0.01275382446
"L",2022-07-12,2022,193,6,3.4,361,0.009418282548,0.009071064759
"T",2022-07-13,2022,194,0,1737,1470,1.181632653,1
"T",2022-07-13,2022,194,0.25,1343,1473,0.9117447386,0.7715974472
"T",2022-07-13,2022,194,0.5,929,1463,0.6349965824,0.537389163
"T",2022-07-13,2022,194,0.75,721,1455,0.495532646,0.4193626884
"T",2022-07-13,2022,194,1,544,1474,0.369063772,0.3123337622
"T",2022-07-13,2022,194,1.5,312,1480,0.2108108108,0.1784063857
"T",2022-07-13,2022,194,2,188,1474,0.1275440977,0.1079388737
"T",2022-07-13,2022,194,2.5,92,1468,0.06267029973,0.05303704122
"T",2022-07-13,2022,194,3,47,1472,0.03192934783,0.02702138244
"T",2022-07-13,2022,194,3.5,23,1470,0.0156462585,0.0132412205
"T",2022-07-13,2022,194,4,9.18,1465,0.006266211604,0.005303011548
"R",2022-07-18,2022,199,0,260,231,1.125541126,1
"R",2022-07-18,2022,199,0.25,207,235,0.8808510638,0.7826022913
"R",2022-07-18,2022,199,0.5,159,242,0.6570247934,0.5837412587
"R",2022-07-18,2022,199,0.75,129,265,0.4867924528,0.4324963716
"R",2022-07-18,2022,199,1,162,416,0.3894230769,0.345987426
"R",2022-07-18,2022,199,1.5,158,651,0.242703533,0.2156327543
"R",2022-07-18,2022,199,2,92,647,0.142194745,0.1263345619
"R",2022-07-18,2022,199,2.5,56,651,0.08602150538,0.07642679901
"R",2022-07-18,2022,199,3,40,657,0.06088280061,0.05409202669
"R",2022-07-18,2022,199,3.5,26,647,0.04018547141,0.03570324575
"R",2022-07-18,2022,199,4,12,645,0.01860465116,0.01652951699
"R",2022-07-18,2022,199,4.5,3,621,0.004830917874,0.004292084727
"L",2022-07-19,2022,200,0,168,165,1.018181818,1
"L",2022-07-19,2022,200,0.25,185,199,0.9296482412,0.9130473798
"L",2022-07-19,2022,200,0.5,128,192,0.6666666667,0.6547619048
"L",2022-07-19,2022,200,0.75,100,197,0.5076142132,0.4985496737
"L",2022-07-19,2022,200,1,81,200,0.405,0.3977678571
"L",2022-07-19,2022,200,1.5,54,198,0.2727272727,0.2678571429
"L",2022-07-19,2022,200,2,39,201,0.1940298507,0.190565032
"L",2022-07-19,2022,200,2.5,26,200,0.13,0.1276785714
"L",2022-07-19,2022,200,3,21,197,0.1065989848,0.1046954315
"L",2022-07-19,2022,200,3.5,12,196,0.0612244898,0.06013119534
"L",2022-07-19,2022,200,4,9,200,0.045,0.04419642857
"L",2022-07-19,2022,200,4.5,8,221,0.03619909502,0.03555268261
"L",2022-07-19,2022,200,5,5.7,229,0.02489082969,0.02444635059
"L",2022-07-19,2022,200,5.5,2.3,238,0.009663865546,0.009491296519
"T",2022-07-20,2022,201,0,264,208,1.269230769,1
"T",2022-07-20,2022,201,0.25,217,207,1.048309179,0.8259405651
"T",2022-07-20,2022,201,0.5,192,248,0.7741935484,0.6099706745
"T",2022-07-20,2022,201,0.75,125,217,0.5760368664,0.453847228
"T",2022-07-20,2022,201,1,84,191,0.4397905759,0.3465016659
"T",2022-07-20,2022,201,1.5,45,179,0.251396648,0.1980700863
"T",2022-07-20,2022,201,2,26,173,0.1502890173,0.1184095288
"T",2022-07-20,2022,201,2.5,12,174,0.06896551724,0.05433646813
"T",2022-07-20,2022,201,3,6.9,182,0.03791208791,0.02987012987
"T",2022-07-20,2022,201,3.5,3.4,189,0.01798941799,0.01417348084
"T",2022-07-20,2022,201,4,2.3,194,0.0118556701,0.00934083099
"R",2022-07-25,2022,206,0,382,287,1.331010453,1
"R",2022-07-25,2022,206,0.25,263,294,0.8945578231,0.6720892545
"R",2022-07-25,2022,206,0.5,197,294,0.6700680272,0.5034280728
"R",2022-07-25,2022,206,0.75,158,288,0.5486111111,0.4121764107
"R",2022-07-25,2022,206,1,130,300,0.4333333333,0.3255671902
"R",2022-07-25,2022,206,1.5,81,312,0.2596153846,0.1950513492
"R",2022-07-25,2022,206,2,55,326,0.1687116564,0.1267545691
"R",2022-07-25,2022,206,2.5,40,331,0.1208459215,0.09079261638
"R",2022-07-25,2022,206,3,27,354,0.07627118644,0.05730322123
"R",2022-07-25,2022,206,3.5,95,1616,0.05878712871,0.04416729304
"R",2022-07-25,2022,206,4,59,1612,0.03660049628,0.02749827862
"R",2022-07-25,2022,206,4.5,25,1593,0.01569365976,0.01179078626
"R",2022-07-25,2022,206,5,8,1587,0.005040957782,0.003787316449
"L",2022-07-26,2022,207,0,1120,924,1.212121212,1
"L",2022-07-26,2022,207,0.25,959,924,1.037878788,0.85625
"L",2022-07-26,2022,207,0.5,694,907,0.7651598677,0.6312568908
"L",2022-07-26,2022,207,0.75,554,881,0.628830874,0.5187854711
"L",2022-07-26,2022,207,1,446,888,0.5022522523,0.4143581081
"L",2022-07-26,2022,207,1.5,274,887,0.3089064262,0.2548478016
"L",2022-07-26,2022,207,2,174,878,0.1981776765,0.1634965831
"L",2022-07-26,2022,207,2.5,111,903,0.122923588,0.1014119601
"L",2022-07-26,2022,207,3,73.8,901,0.08190899001,0.06757491676
"L",2022-07-26,2022,207,3.5,54.2,901,0.06015538291,0.0496281909
"L",2022-07-26,2022,207,4,36.9,900,0.041,0.033825
"L",2022-07-26,2022,207,4.5,23,912,0.02521929825,0.02080592105
"L",2022-07-26,2022,207,5,16.1,905,0.01779005525,0.01467679558
"L",2022-07-26,2022,207,5.5,9.2,907,0.01014332966,0.008368246968
"T",2022-07-27,2022,208,0,1189,958,1.241127349,1
"T",2022-07-27,2022,208,0.25,818,915,0.893989071,0.7203040623
"T",2022-07-27,2022,208,0.5,547,886,0.6173814898,0.4974360532
"T",2022-07-27,2022,208,0.75,371,891,0.4163860831,0.3354902166
"T",2022-07-27,2022,208,1,286,887,0.3224351747,0.2597921761
"T",2022-07-27,2022,208,1.5,157,885,0.1774011299,0.1429354773
"T",2022-07-27,2022,208,2,88,888,0.0990990991,0.07984603611
"T",2022-07-27,2022,208,2.5,46,892,0.05156950673,0.04155053612
"T",2022-07-27,2022,208,3,22,897,0.02452619844,0.01976122633
"T",2022-07-27,2022,208,3.5,8,912,0.008771929825,0.00706771133
"R",2022-08-01,2022,213,0,107,88,1.215909091,1
"R",2022-08-01,2022,213,0.25,69,78,0.8846153846,0.7275341481
"R",2022-08-01,2022,213,0.5,53,90.7,0.5843439912,0.4805819741
"R",2022-08-01,2022,213,0.75,38,92,0.4130434783,0.3396993092
"R",2022-08-01,2022,213,1,31,88,0.3522727273,0.2897196262
"R",2022-08-01,2022,213,1.5,18.5,85,0.2176470588,0.1789994502
"R",2022-08-01,2022,213,2,10.38,79,0.1313924051,0.1080610434
"R",2022-08-01,2022,213,2.5,8,77,0.1038961039,0.08544726302
"R",2022-08-01,2022,213,3,5.8,81,0.07160493827,0.05889004269
"R",2022-08-01,2022,213,3.5,2.3,87.7,0.02622576967,0.0215688573
"R",2022-08-01,2022,213,4,1.06,87,0.01218390805,0.01002041036
"L",2022-08-02,2022,214,0,1450,1195,1.213389121,1
"L",2022-08-02,2022,214,0.25,1187,1202,0.9875207987,0.8138533479
"L",2022-08-02,2022,214,0.5,919,1130,0.8132743363,0.6702502289
"L",2022-08-02,2022,214,0.75,705,1139,0.6189640035,0.5101117132
"L",2022-08-02,2022,214,1,570,1125,0.5066666667,0.4175632184
"L",2022-08-02,2022,214,1.5,368,1127,0.3265306122,0.2691062632
"L",2022-08-02,2022,214,2,241,1133,0.2127096205,0.1753020665
"L",2022-08-02,2022,214,2.5,158,1133,0.1394527802,0.1149283258
"L",2022-08-02,2022,214,3,108,1120,0.09642857143,0.07947044335
"L",2022-08-02,2022,214,3.5,75,1114,0.06732495512,0.05548504922
"L",2022-08-02,2022,214,4,54,1138,0.0474516696,0.0391067208
"L",2022-08-02,2022,214,4.5,39,1125,0.03466666667,0.02857011494
"L",2022-08-02,2022,214,5,27,1105,0.02443438914,0.02013730691
"L",2022-08-02,2022,214,5.5,18,1128,0.01595744681,0.0131511372
"L",2022-08-02,2022,214,6,11.5,1128,0.01019503546,0.008402115432
"T",2022-08-03,2022,215,0,1084,931,1.16433942,1
"T",2022-08-03,2022,215,0.25,910,949,0.9589041096,0.8235606329
"T",2022-08-03,2022,215,0.5,502,937,0.5357524013,0.4601342118
"T",2022-08-03,2022,215,0.75,403,943,0.427359491,0.3670403008
"T",2022-08-03,2022,215,1,297,948,0.3132911392,0.2690720024
"T",2022-08-03,2022,215,1.5,180,947,0.1900739176,0.1632461414
"T",2022-08-03,2022,215,2,87,794,0.1095717884,0.09410639761
"T",2022-08-03,2022,215,2.5,42.6,772,0.05518134715,0.04739283597
"T",2022-08-03,2022,215,3,23,780,0.02948717949,0.02532524364
"T",2022-08-03,2022,215,3.5,6.8,725,0.009379310345,0.008055477796
"L",2022-08-08,2022,220,0,1890,1554,1.216216216,1
"L",2022-08-08,2022,220,0.25,1598,1603,0.9968808484,0.8196575865
"L",2022-08-08,2022,220,0.5,1031,1460,0.7061643836,0.5806240487
"L",2022-08-08,2022,220,0.75,858.8,1397,0.614745884,0.5054577269
"L",2022-08-08,2022,220,1,736.5,1408,0.5230823864,0.4300899621
"L",2022-08-08,2022,220,1.5,476.7,1420,0.3357042254,0.2760234742
"L",2022-08-08,2022,220,2,326.6,1457,0.2241592313,0.1843087013
"L",2022-08-08,2022,220,2.5,234.4,1481,0.1582714382,0.1301342936
"L",2022-08-08,2022,220,3,163.9,1551,0.1056737589,0.08688731284
"L",2022-08-08,2022,220,3.5,120,1611,0.07448789572,0.06124560315
"L",2022-08-08,2022,220,4,85.39,1644,0.05194038929,0.04270654231
"L",2022-08-08,2022,220,4.5,57.69,1501,0.03843437708,0.03160159893
"L",2022-08-08,2022,220,5,39.22,1580,0.02482278481,0.02040984529
"L",2022-08-08,2022,220,5.5,24.22,1495,0.0162006689,0.01332054998
"L",2022-08-08,2022,220,6,16.14,1441,0.01120055517,0.009209345362
"R",2022-08-08,2022,220,0,1667,1571,1.061107575,1
"R",2022-08-08,2022,220,0.25,1220,1082,1.12754159,1.062608181
"R",2022-08-08,2022,220,0.5,402.8,592.5,0.6798312236,0.6406807752
"R",2022-08-08,2022,220,0.75,313.9,650.5,0.4825518832,0.4547624526
"R",2022-08-08,2022,220,1,382.8,1188,0.3222222222,0.3036659335
"R",2022-08-08,2022,220,1.5,439.7,1577,0.2788205453,0.2627636933
"R",2022-08-08,2022,220,2,304.7,1557,0.1956968529,0.1844269682
"R",2022-08-08,2022,220,2.5,222.7,1433,0.1554082345,0.1464585101
"R",2022-08-08,2022,220,3,71.52,682.6,0.104775857,0.09874197443
"R",2022-08-08,2022,220,3.5,25.35,518.6,0.04888160432,0.04606658691
"R",2022-08-08,2022,220,4,20.73,623.5,0.03324779471,0.03133310467
"R",2022-08-08,2022,220,4.5,19.58,968.4,0.0202189178,0.01905454101
"R",2022-08-08,2022,220,5,8.037,978.8,0.008211074785,0.00773821145
"R",2022-08-08,2022,220,5.5,5.728,1525.5,0.00375483448,0.003538599261
"R",2022-08-08,2022,220,6,2.265,783.6,0.00289050536,0.002724045543
"T",2022-08-07,2022,219,0,532,508,1.047244094,1
"T",2022-08-07,2022,219,0.25,384,528,0.7272727273,0.6944634313
"T",2022-08-07,2022,219,0.5,272,468,0.5811965812,0.5549771866
"T",2022-08-07,2022,219,0.75,174,445,0.391011236,0.3733716313
"T",2022-08-07,2022,219,1,142,455,0.3120879121,0.2980087582
"T",2022-08-07,2022,219,1.5,91,500,0.182,0.1737894737
"T",2022-08-07,2022,219,2,62,527,0.1176470588,0.1123396727
"T",2022-08-07,2022,219,2.5,38,615,0.06178861789,0.05900116144
"T",2022-08-07,2022,219,3,18,590,0.03050847458,0.02913215241
"T",2022-08-07,2022,219,3.5,8,552,0.01449275362,0.01383894519
"T",2022-08-07,2022,219,4,3.4,565,0.006017699115,0.005746223967
"R",2024-05-13,2024,134,0,1677,1464,1.15,1
"R",2024-05-13,2024,134,0.25,1205,1460,0.83,0.72
"R",2024-05-13,2024,134,0.5,1043,1463,0.71,0.62
"R",2024-05-13,2024,134,0.75,847,1464,0.58,0.51
"R",2024-05-13,2024,134,1,742,1472,0.5,0.44
"R",2024-05-13,2024,134,1.5,441,1463,0.3,0.26
"R",2024-05-13,2024,134,2,292,1466,0.2,0.17
"R",2024-05-13,2024,134,2.5,195,1465,0.13,0.12
"R",2024-05-13,2024,134,3,128,1475,0.09,0.08
"R",2024-05-13,2024,134,3.5,77,1466,0.05,0.05
"R",2024-05-13,2024,134,4,46,1457,0.03,0.03
"R",2024-05-13,2024,134,4.5,25,1462,0.02,0.01
"T",2024-05-13,2024,134,0,1489,1399,1.06,1
"T",2024-05-13,2024,134,0.25,1230,1370,0.9,0.84
"T",2024-05-13,2024,134,0.5,682,1307,0.52,0.49
"T",2024-05-13,2024,134,0.75,502,1354,0.37,0.35
"T",2024-05-13,2024,134,1,362,1378,0.26,0.25
"T",2024-05-13,2024,134,1.5,195,1383,0.14,0.13
"T",2024-05-13,2024,134,2,100.4,1356,0.07,0.07
"T",2024-05-13,2024,134,2.5,54,1389,0.04,0.04
"T",2024-05-13,2024,134,3,27.6,1372,0.02,0.02
"T",2024-05-13,2024,134,3.5,10.3,1346,0.01,0.01
"R",2024-05-16,2024,137,0,116.4,70.5,1.65,1
"R",2024-05-16,2024,137,0.25,87.74,83.71,1.05,0.63
"R",2024-05-16,2024,137,0.5,61.18,82.02,0.75,0.45
"R",2024-05-16,2024,137,0.75,42.7,81.55,0.52,0.32
"R",2024-05-16,2024,137,1,35.78,79.15,0.45,0.27
"R",2024-05-16,2024,137,1.5,17.31,78.06,0.22,0.13
"R",2024-05-16,2024,137,2,10.39,78.18,0.13,0.08
"R",2024-05-16,2024,137,2.5,6.92,79.88,0.09,0.05
"R",2024-05-16,2024,137,3,5.76,82.48,0.07,0.04
"R",2024-05-16,2024,137,3.5,3.46,85.7,0.04,0.02
"R",2024-05-16,2024,137,4,1.15,88.9,0.01,0.01
"R",2024-05-17,2024,138,0,1782,1543,1.15,1
"R",2024-05-17,2024,138,0.25,1490,1543,0.97,0.84
"R",2024-05-17,2024,138,0.5,1100,1546,0.71,0.62
"R",2024-05-17,2024,138,0.75,873.5,1562,0.56,0.49
"R",2024-05-17,2024,138,1,698.3,1590,0.44,0.38
"R",2024-05-17,2024,138,1.5,427,1594,0.27,0.23
"R",2024-05-17,2024,138,2,266.6,1594,0.17,0.15
"R",2024-05-17,2024,138,2.5,174.2,1595,0.11,0.1
"R",2024-05-17,2024,138,3,115.4,1604,0.07,0.06
"R",2024-05-17,2024,138,3.5,72.64,1611,0.05,0.04
"R",2024-05-17,2024,138,4,43.78,1616,0.03,0.02
"R",2024-05-17,2024,138,4.5,23.01,1624,0.01,0.01
"T",2024-05-17,2024,138,0,2113,1938,1.09,1
"T",2024-05-17,2024,138,0.25,1594,1886,0.85,0.78
"T",2024-05-17,2024,138,0.5,955.7,1997,0.48,0.44
"T",2024-05-17,2024,138,0.75,645.2,2026,0.32,0.29
"T",2024-05-17,2024,138,1,124.6,648.5,0.19,0.17
"T",2024-05-17,2024,138,1.5,58.82,607,0.1,0.09
"T",2024-05-17,2024,138,2,31.12,638,0.05,0.05
"T",2024-05-17,2024,138,2.5,14.96,728,0.02,0.02
"T",2024-05-17,2024,138,3,8.034,593,0.01,0.01
"R",2024-05-18,2024,139,0,1759,1748,1.01,1
"R",2024-05-18,2024,139,0.25,1320,1547,0.85,0.84
"R",2024-05-18,2024,139,0.5,1267,1954,0.65,0.64
"R",2024-05-18,2024,139,0.75,1031,1955,0.53,0.52
"R",2024-05-18,2024,139,1,766,1980,0.39,0.38
"R",2024-05-18,2024,139,1.5,491,1939,0.25,0.25
"R",2024-05-18,2024,139,2,331,2097,0.16,0.16
"R",2024-05-18,2024,139,2.5,228.5,2091,0.11,0.11
"R",2024-05-18,2024,139,3,108.4,1572,0.07,0.07
"R",2024-05-18,2024,139,3.5,59.97,1426,0.04,0.04
"R",2024-05-18,2024,139,4,24.18,964,0.03,0.02
"R",2024-05-18,2024,139,4.5,14.95,1037,0.01,0.01
"R",2024-05-19,2024,140,0,1759,1608,1.093905473,1
"R",2024-05-19,2024,140,0.25,1142,1305,0.875095785,0.799973862
"R",2024-05-19,2024,140,0.5,748,1118,0.669051878,0.611617635
"R",2024-05-19,2024,140,0.75,440.9,880.3,0.500851982,0.45785673
"R",2024-05-19,2024,140,1,307,804,0.381840796,0.349061967
"R",2024-05-19,2024,140,1.5,169.6,720.2,0.235490142,0.215274672
"R",2024-05-19,2024,140,2,120,764.3,0.157006411,0.143528317
"R",2024-05-19,2024,140,2.5,83.03,856,0.096997664,0.088670974
"R",2024-05-19,2024,140,3,85.34,1271,0.067143981,0.061380058
"R",2024-05-19,2024,140,3.5,63.4,1487,0.04263618,0.03897611
"R",2024-05-19,2024,140,4,36.85,1518,0.024275362,0.022191463
"R",2024-05-19,2024,140,4.5,23,1707,0.013473931,0.012317272
"R",2024-05-19,2024,140,5,11.46,1164,0.009845361,0.009000193
"R",2024-05-20,2024,141,0,841,685,1.227737226,1
"R",2024-05-20,2024,141,0.25,649,735,0.882993197,0.719203734
"R",2024-05-20,2024,141,0.75,410,790,0.518987342,0.422718584
"R",2024-05-20,2024,141,1,295,758,0.389182058,0.316991331
"R",2024-05-20,2024,141,1.25,224,763,0.293577982,0.239121186
"R",2024-05-20,2024,141,1.75,156,832,0.1875,0.152719976
"R",2024-05-20,2024,141,2.25,95.7,765,0.125098039,0.101893171
"R",2024-05-20,2024,141,2.75,61.7,727,0.084869326,0.069126621
"R",2024-05-20,2024,141,3.25,42.6,760,0.056052632,0.045655235
"R",2024-05-20,2024,141,3.75,27.6,683,0.040409956,0.032914173
"R",2024-05-20,2024,141,4.25,17,649,0.026194145,0.021335302
"R",2024-05-20,2024,141,4.75,10.3,606,0.0169967,0.013843923
"R",2024-05-20,2024,141,5.25,3.7,590,0.006271186,0.005107922
"L",2024-05-21,2024,142,0,277,220,1.259090909,1
"L",2024-05-21,2024,142,0.25,204,212,0.962264151,0.764253116
"L",2024-05-21,2024,142,0.5,165,216,0.763888889,0.606698757
"L",2024-05-21,2024,142,0.75,136,226,0.601769912,0.477940002
"L",2024-05-21,2024,142,1,102,210,0.485714286,0.385765859
"L",2024-05-21,2024,142,1.5,72,217,0.331797235,0.26352127
"L",2024-05-21,2024,142,2,62,204,0.303921569,0.241381751
"L",2024-05-21,2024,142,2.5,54,210,0.257142857,0.204228984
"L",2024-05-21,2024,142,3,45,222,0.202702703,0.160991316
"L",2024-05-21,2024,142,3.5,38,227,0.167400881,0.132953768
"L",2024-05-21,2024,142,4,31,239,0.129707113,0.10301648
"L",2024-05-21,2024,142,4.5,28,303,0.092409241,0.073393621
"L",2024-05-21,2024,142,5,21,291,0.072164948,0.057315122
"L",2024-05-21,2024,142,5.5,15,327,0.04587156,0.036432286
"L",2024-05-21,2024,142,6,11,338,0.032544379,0.025847521
"L",2024-05-21,2024,142,6.5,5,335,0.014925373,0.011854087
"L",2024-05-21,2024,142,7,2.3,329,0.006990881,0.005552325
"R",2024-05-22,2024,143,0,544,493,1.103448276,1
"R",2024-05-22,2024,143,0.25,472,569,0.829525483,0.751757469
"R",2024-05-22,2024,143,0.5,347,613,0.566068515,0.512999592
"R",2024-05-22,2024,143,0.75,277,625,0.4432,0.40165
"R",2024-05-22,2024,143,1,292,736,0.39673913,0.359544837
"R",2024-05-22,2024,143,1.5,141,595,0.23697479,0.214758403
"R",2024-05-22,2024,143,2,92,603,0.152570481,0.138266998
"R",2024-05-22,2024,143,2.5,61,586,0.104095563,0.094336604
"R",2024-05-22,2024,143,3,40,582,0.068728522,0.062285223
"R",2024-05-22,2024,143,3.5,25,610,0.040983607,0.037141393
"R",2024-05-22,2024,143,4,22,666,0.033033033,0.029936186
"R",2024-05-22,2024,143,4.5,13,655,0.019847328,0.017986641
"R",2024-05-22,2024,143,5,4,632,0.006329114,0.005735759
"T",2024-05-22,2024,143,0,450,372,1.209677419,1
"T",2024-05-22,2024,143,0.25,227,262,0.866412214,0.716234097
"T",2024-05-22,2024,143,0.5,110,256,0.4296875,0.355208333
"T",2024-05-22,2024,143,0.75,79,229,0.344978166,0.285181951
"T",2024-05-22,2024,143,1,71,224,0.316964286,0.26202381
"T",2024-05-22,2024,143,1.5,39,205,0.190243902,0.157268293
"T",2024-05-22,2024,143,2,19,206,0.09223301,0.076245955
"T",2024-05-22,2024,143,2.5,11,199,0.055276382,0.045695142
"T",2024-05-22,2024,143,3,4.6,174,0.026436782,0.021854406
"T",2024-05-22,2024,143,3.5,1.14,248,0.004596774,0.0038
"R",2024-05-23,2024,144,0,2123,1928,1.101141079,1
"R",2024-05-23,2024,144,0.25,1712,1961,0.873023967,0.792835708
"R",2024-05-23,2024,144,0.5,1286,1961,0.655787863,0.595552991
"R",2024-05-23,2024,144,0.75,943,1905,0.495013123,0.449545597
"R",2024-05-23,2024,144,1,749,1846,0.405742145,0.368474261
"R",2024-05-23,2024,144,1.5,484,1922,0.25182102,0.228690968
"R",2024-05-23,2024,144,2,308,1931,0.159502848,0.144852328
"R",2024-05-23,2024,144,2.5,207,1921,0.107756377,0.097858829
"R",2024-05-23,2024,144,3,135,1906,0.070828961,0.064323239
"R",2024-05-23,2024,144,3.5,84,1827,0.045977011,0.04175397
"R",2024-05-23,2024,144,4,56,1841,0.030418251,0.027624299
"R",2024-05-23,2024,144,4.5,33,1854,0.017799353,0.016164462
"R",2024-05-23,2024,144,5,15,1884,0.007961783,0.007230484
"R",2024-05-24,2024,145,0,1202,1066,1.127579737,1
"R",2024-05-24,2024,145,0.25,944,1060,0.890566038,0.789803158
"R",2024-05-24,2024,145,0.5,644,998,0.645290581,0.572279334
"R",2024-05-24,2024,145,0.75,503,978,0.514314928,0.45612289
"R",2024-05-24,2024,145,1,395,956,0.413179916,0.366430774
"R",2024-05-24,2024,145,1.5,247,990,0.249494949,0.221265904
"R",2024-05-24,2024,145,2,154,1001,0.153846154,0.136439268
"R",2024-05-24,2024,145,2.5,97,967,0.100310238,0.08896066
"R",2024-05-24,2024,145,3,65,962,0.067567568,0.059922651
"R",2024-05-24,2024,145,3.5,44,973,0.045220966,0.040104451
"R",2024-05-24,2024,145,4,28,950,0.029473684,0.026138891
"R",2024-05-24,2024,145,4.5,20,975,0.020512821,0.018191902
"R",2024-05-24,2024,145,5,5.7,982,0.005804481,0.005147734
"T",2024-05-24,2024,145,0,938,713,1.315568022,1
"T",2024-05-24,2024,145,0.25,615,680,0.904411765,0.687468644
"T",2024-05-24,2024,145,0.5,353,729,0.484224966,0.368072922
"T",2024-05-24,2024,145,0.75,301,684,0.44005848,0.334500742
"T",2024-05-24,2024,145,1,224,704,0.318181818,0.241858887
"T",2024-05-24,2024,145,1.5,114,657,0.173515982,0.131894344
"T",2024-05-24,2024,145,2,63,658,0.095744681,0.072778206
"T",2024-05-24,2024,145,2.5,29,644,0.045031056,0.034229363
"T",2024-05-24,2024,145,3,15,628,0.02388535,0.018155922
"T",2024-05-24,2024,145,3.5,4.6,618,0.007443366,0.00565791
"R",2024-05-25,2024,146,0,2280,2001,1.139430285,1
"R",2024-05-25,2024,146,0.25,1720,2001,0.859570215,0.754385965
"R",2024-05-25,2024,146,0.5,1244,2073,0.600096479,0.52666362
"R",2024-05-25,2024,146,0.75,1027,2017,0.509172038,0.446865459
"R",2024-05-25,2024,146,1,796,1972,0.403651116,0.354256966
"R",2024-05-25,2024,146,1.5,468,1964,0.238289206,0.209130132
"R",2024-05-25,2024,146,2,292,2018,0.144697721,0.126991289
"R",2024-05-25,2024,146,2.5,195,2059,0.094706168,0.083117124
"R",2024-05-25,2024,146,3,30,503,0.059642147,0.052343832
"R",2024-05-25,2024,146,3.5,18.4,543,0.03388582,0.029739265
"R",2024-05-25,2024,146,4,15,700,0.021428571,0.018806391
"R",2024-05-25,2024,146,4.5,4.6,543,0.008471455,0.007434816
"R",2024-05-27,2024,148,0,1573,1523,1.032829941,1
"R",2024-05-27,2024,148,0.25,1309,1498,0.873831776,0.846055814
"R",2024-05-27,2024,148,0.5,916,1441,0.635669674,0.615464026
"R",2024-05-27,2024,148,0.75,651,1372,0.474489796,0.459407476
"R",2024-05-27,2024,148,1,507,1290,0.393023256,0.380530463
"R",2024-05-27,2024,148,1.5,305,1267,0.240726125,0.233074309
"R",2024-05-27,2024,148,2,174,1319,0.13191812,0.127724918
"R",2024-05-27,2024,148,2.5,119,1298,0.091679507,0.088765346
"R",2024-05-27,2024,148,3,77,1337,0.057591623,0.055760993
"R",2024-05-27,2024,148,3.5,47,1371,0.034281546,0.033191859
"R",2024-05-27,2024,148,4,28.75,1376,0.020893895,0.020229754
"R",2024-05-27,2024,148,4.5,16.05,1355,0.011845018,0.011468508
"R",2024-05-27,2024,148,5,6.97,1526,0.004567497,0.004422313
"L",2024-05-28,2024,149,0,144,137,1.051094891,1
"L",2024-05-28,2024,149,0.25,120,134,0.895522388,0.85199005
"L",2024-05-28,2024,149,0.5,84,133,0.631578947,0.600877193
"L",2024-05-28,2024,149,0.75,84,126,0.666666667,0.634259259
"L",2024-05-28,2024,149,1,69,124,0.556451613,0.529401882
"L",2024-05-28,2024,149,1.5,46,133,0.345864662,0.329051796
"L",2024-05-28,2024,149,2,32,126,0.253968254,0.241622575
"L",2024-05-28,2024,149,2.5,24,124,0.193548387,0.184139785
"L",2024-05-28,2024,149,3,20,125,0.16,0.152222222
"L",2024-05-28,2024,149,3.5,14,125,0.112,0.106555556
"L",2024-05-28,2024,149,4,10,125,0.08,0.076111111
"L",2024-05-28,2024,149,4.5,7,124,0.056451613,0.053707437
"L",2024-05-28,2024,149,5,5.8,124,0.046774194,0.044500448
"L",2024-05-28,2024,149,5.5,3.4,124,0.027419355,0.02608647
"L",2024-05-28,2024,149,6,1.13,124,0.009112903,0.008669915
"T",2024-05-29,2024,150,0,1425,1247,1.142742582,1
"T",2024-05-29,2024,150,0.25,953,1256,0.758757962,0.663979774
"T",2024-05-29,2024,150,0.5,714,1236,0.577669903,0.505511838
"T",2024-05-29,2024,150,0.75,514,1230,0.417886179,0.365687063
"T",2024-05-29,2024,150,1,409,1226,0.33360522,0.291933831
"T",2024-05-29,2024,150,1.5,223,1231,0.181153534,0.158525233
"T",2024-05-29,2024,150,2,122,1226,0.099510604,0.087080507
"T",2024-05-29,2024,150,2.5,62,1241,0.04995971,0.043719129
"T",2024-05-29,2024,150,3,29,1206,0.024046434,0.02104274
"T",2024-05-29,2024,150,3.5,13,1234,0.010534846,0.009218914
"T",2024-05-29,2024,150,4,9,1232,0.007305195,0.006392686
"R",2024-06-03,2024,155,0,552,542,1.018450185,1
"R",2024-06-03,2024,155,0.25,350,505,0.693069307,0.680513704
"R",2024-06-03,2024,155,0.5,315,581,0.542168675,0.532346778
"R",2024-06-03,2024,155,0.75,129,375,0.344,0.337768116
"R",2024-06-03,2024,155,1,100,316,0.316455696,0.310722803
"R",2024-06-03,2024,155,1.5,71,343,0.206997085,0.203247137
"R",2024-06-03,2024,155,2,48,356,0.134831461,0.132388862
"R",2024-06-03,2024,155,2.5,26,335,0.07761194,0.076205927
"R",2024-06-03,2024,155,3,16,308,0.051948052,0.051006964
"R",2024-06-03,2024,155,3.5,10,263,0.038022814,0.037333995
"R",2024-06-03,2024,155,4,3.43,253,0.013557312,0.013311709
"R",2024-06-03,2024,155,4.5,3.43,378,0.009074074,0.008909689
"L",2024-06-04,2024,156,0,526,433,1.2147806,1
"L",2024-06-04,2024,156,0.25,442,408,1.083333333,0.891793409
"L",2024-06-04,2024,156,0.5,585,641,0.912636505,0.751276819
"L",2024-06-04,2024,156,0.75,290,391,0.74168798,0.610553033
"L",2024-06-04,2024,156,1,210,362,0.580110497,0.477543432
"L",2024-06-04,2024,156,1.5,221,491,0.450101833,0.370521091
"L",2024-06-04,2024,156,2,424,1290,0.328682171,0.270569163
"L",2024-06-04,2024,156,2.5,296,1226,0.241435563,0.198748286
"L",2024-06-04,2024,156,3,210,1150,0.182608696,0.150322367
"L",2024-06-04,2024,156,3.5,77,557,0.138240575,0.1137988
"L",2024-06-04,2024,156,4,93,993,0.093655589,0.077096711
"L",2024-06-04,2024,156,4.5,83,1124,0.073843416,0.060787451
"L",2024-06-04,2024,156,5,66,1131,0.058355438,0.048037841
"L",2024-06-04,2024,156,5.5,48,1160,0.04137931,0.034063197
"L",2024-06-04,2024,156,6,34,1136,0.029929577,0.024637846
"L",2024-06-04,2024,156,6.5,24,1116,0.021505376,0.017703095
"L",2024-06-04,2024,156,7,8,1123,0.007123776,0.005864249
"T",2024-06-05,2024,157,0,392,389,1.007712082,1
"T",2024-06-05,2024,157,0.25,225,372,0.60483871,0.600209842
"T",2024-06-05,2024,157,0.5,139,367,0.378746594,0.375848023
"T",2024-06-05,2024,157,0.75,102,373,0.273458445,0.271365651
"T",2024-06-05,2024,157,1,83,387,0.214470284,0.21282893
"T",2024-06-05,2024,157,1.5,63,395,0.159493671,0.158273056
"T",2024-06-05,2024,157,2,36,404,0.089108911,0.088426955
"T",2024-06-05,2024,157,2.5,18,409,0.04400978,0.04367297
"T",2024-06-05,2024,157,3,13,426,0.030516432,0.030282888
"T",2024-06-05,2024,157,3.5,8,656,0.012195122,0.012101792
"T",2024-06-05,2024,157,4,3.4,441,0.007709751,0.007650747
"R",2024-06-10,2024,162,0,1560,1256,1.242038217,1
"R",2024-06-10,2024,162,0.25,1146,1268,0.903785489,0.727663189
"R",2024-06-10,2024,162,0.5,793,1262,0.62836767,0.505916535
"R",2024-06-10,2024,162,0.75,588,1255,0.468525896,0.377223414
"R",2024-06-10,2024,162,1,468,1256,0.372611465,0.3
"R",2024-06-10,2024,162,1.5,266,1236,0.215210356,0.173271928
"R",2024-06-10,2024,162,2,153,1251,0.122302158,0.098468917
"R",2024-06-10,2024,162,2.5,86,1230,0.069918699,0.056293517
"R",2024-06-10,2024,162,3,62,1231,0.050365556,0.04055073
"R",2024-06-10,2024,162,3.5,40,1226,0.032626427,0.026268457
"R",2024-06-10,2024,162,4,26,1254,0.020733652,0.016693248
"R",2024-06-10,2024,162,4.5,13,1260,0.01031746,0.008306878
"R",2024-06-10,2024,162,5,10,1273,0.00785546,0.006324652
"L",2024-06-11,2024,163,0,651,658,0.989361702,1
"L",2024-06-11,2024,163,0.25,544,650,0.836923077,0.84592225
"L",2024-06-11,2024,163,0.5,405,653,0.620214395,0.626883367
"L",2024-06-11,2024,163,0.75,384,655,0.586259542,0.592563408
"L",2024-06-11,2024,163,1,336,656,0.512195122,0.517702596
"L",2024-06-11,2024,163,1.5,244,662,0.36858006,0.372543287
"L",2024-06-11,2024,163,2,193,678,0.284660767,0.287721635
"L",2024-06-11,2024,163,2.5,145,686,0.211370262,0.213643061
"L",2024-06-11,2024,163,3,111,674,0.164688427,0.166459271
"L",2024-06-11,2024,163,3.5,85,672,0.126488095,0.127848182
"L",2024-06-11,2024,163,4,68,675,0.100740741,0.101823975
"L",2024-06-11,2024,163,4.5,51,673,0.075780089,0.076594929
"L",2024-06-11,2024,163,5,40,660,0.060606061,0.061257739
"L",2024-06-11,2024,163,5.5,27,643,0.041990669,0.042442181
"L",2024-06-11,2024,163,6,20,63,0.317460317,0.320873869
"L",2024-06-11,2024,163,6.5,14,614,0.022801303,0.023046478
"L",2024-06-11,2024,163,7,9,624,0.014423077,0.014578164
"L",2024-06-11,2024,163,8,1.1,638,0.001724138,0.001742677
"T",2024-06-12,2024,164,0,1383,1193,1.159262364,1
"T",2024-06-12,2024,164,0.25,991,1207,0.821043911,0.708246844
"T",2024-06-12,2024,164,0.5,651,1128,0.57712766,0.497840418
"T",2024-06-12,2024,164,0.75,338,856,0.394859813,0.340612984
"T",2024-06-12,2024,164,1,289,992,0.291330645,0.251306912
"T",2024-06-12,2024,164,1.5,214,1227,0.174409128,0.150448366
"T",2024-06-12,2024,164,2,126,1192,0.105704698,0.091182722
"T",2024-06-12,2024,164,2.5,64,1201,0.053288926,0.04596796
"T",2024-06-12,2024,164,3,34,1204,0.028239203,0.02435963
"T",2024-06-12,2024,164,3.5,18,1240,0.014516129,0.012521867
"T",2024-06-12,2024,164,4,9,1217,0.007395234,0.006379258
"R",2024-06-17,2024,169,0,142,133,1.067669173,1
"R",2024-06-17,2024,169,0.25,95,118,0.805084746,0.754058248
"R",2024-06-17,2024,169,0.5,56,126,0.444444444,0.41627543
"R",2024-06-17,2024,169,0.75,50,124,0.403225806,0.377669241
"R",2024-06-17,2024,169,1,44,123,0.357723577,0.335050956
"R",2024-06-17,2024,169,1.5,22,131,0.167938931,0.157294915
"R",2024-06-17,2024,169,2,11.5,142,0.080985915,0.075853005
"R",2024-06-17,2024,169,2.5,8,154,0.051948052,0.04865557
"R",2024-06-17,2024,169,3,4.6,180,0.025555556,0.023935837
"R",2024-06-17,2024,169,3.5,3.4,156,0.021794872,0.020413507
"R",2024-06-17,2024,169,4,1.1,161,0.006832298,0.006399265
"L",2024-06-18,2024,170,0,1593,1287,1.237762238,1
"L",2024-06-18,2024,170,0.25,1305,1291,1.010844307,0.816670824
"L",2024-06-18,2024,170,0.5,1013,1357,0.746499632,0.603104222
"L",2024-06-18,2024,170,0.75,911,1314,0.693302892,0.560126065
"L",2024-06-18,2024,170,1,761,1309,0.581359817,0.46968618
"L",2024-06-18,2024,170,1.5,574,1393,0.412060302,0.332907475
"L",2024-06-18,2024,170,2,424,1219,0.347826087,0.281012036
"L",2024-06-18,2024,170,2.5,293,1194,0.245393635,0.198255874
"L",2024-06-18,2024,170,3,218,1320,0.165151515,0.133427495
"L",2024-06-18,2024,170,3.5,156,1301,0.119907763,0.096874634
"L",2024-06-18,2024,170,4,122,1316,0.092705167,0.074897395
"L",2024-06-18,2024,170,4.5,92,1302,0.070660522,0.057087315
"L",2024-06-18,2024,170,5,70,1326,0.052790347,0.042649828
"L",2024-06-18,2024,170,5.5,47,1313,0.035795887,0.028919841
"L",2024-06-18,2024,170,6,35,1262,0.027733756,0.022406368
"L",2024-06-18,2024,170,6.5,21,1309,0.016042781,0.012961117
"L",2024-06-18,2024,170,7,9,1302,0.006912442,0.005584629
"T",2024-06-19,2024,171,0,256,157,1.630573248,1
"T",2024-06-19,2024,171,0.25,171,112,1.526785714,0.936349051
"T",2024-06-19,2024,171,0.5,91,120,0.758333333,0.465071615
"T",2024-06-19,2024,171,0.75,94,208,0.451923077,0.27715595
"T",2024-06-19,2024,171,1,63,183,0.344262295,0.211129611
"T",2024-06-19,2024,171,1.5,33,169,0.195266272,0.119753143
"T",2024-06-19,2024,171,2,16,165,0.096969697,0.059469697
"T",2024-06-19,2024,171,2.5,6,170,0.035294118,0.021645221
"T",2024-06-19,2024,171,3,2.25,152,0.014802632,0.009078176
"T",2024-06-19,2024,171,3.5,1.09,166,0.006566265,0.004026967
"R",2024-06-24,2024,176,0,1612,1449,1.112491373,1
"R",2024-06-24,2024,176,0.25,1046,1475,0.709152542,0.63744543
"R",2024-06-24,2024,176,0.5,711,1474,0.482360923,0.433586214
"R",2024-06-24,2024,176,0.75,532,1389,0.383009359,0.344280745
"R",2024-06-24,2024,176,1,324,1337,0.242333583,0.217829629
"R",2024-06-24,2024,176,1.5,183,1386,0.132034632,0.118683736
"R",2024-06-24,2024,176,2,102,1381,0.073859522,0.066391096
"R",2024-06-24,2024,176,2.5,58,1362,0.042584435,0.03827844
"R",2024-06-24,2024,176,3,39,1422,0.02742616,0.02465292
"R",2024-06-24,2024,176,3.5,25,1417,0.017642908,0.015858916
"R",2024-06-24,2024,176,4,15,1412,0.010623229,0.009549044
"R",2024-06-24,2024,176,4.5,10,1392,0.007183908,0.006457496
"R",2024-06-24,2024,176,5,5.67,1344,0.00421875,0.003792164
"L",2024-06-25,2024,177,0,1800,1492,1.206434316,1
"L",2024-06-25,2024,177,0.25,1926,1384,1.391618497,1.15349711
"L",2024-06-25,2024,177,0.5,1117,1441,0.775156142,0.642518313
"L",2024-06-25,2024,177,0.75,995,1527,0.651604453,0.540107691
"L",2024-06-25,2024,177,1,819,1291,0.634391944,0.525840434
"L",2024-06-25,2024,177,1.5,573,1262,0.454041204,0.376349709
"L",2024-06-25,2024,177,2,404,1312,0.307926829,0.255237127
"L",2024-06-25,2024,177,2.5,269,1256,0.214171975,0.17752477
"L",2024-06-25,2024,177,3,196,1301,0.150653344,0.124874883
"L",2024-06-25,2024,177,3.5,154,1314,0.117199391,0.097145273
"L",2024-06-25,2024,177,4,118,1368,0.08625731,0.071497726
"L",2024-06-25,2024,177,4.5,89,1398,0.063662375,0.052769035
"L",2024-06-25,2024,177,5,65,1332,0.048798799,0.040448782
"L",2024-06-25,2024,177,5.5,46,1336,0.034431138,0.028539587
"L",2024-06-25,2024,177,6,32,1305,0.024521073,0.020325245
"L",2024-06-25,2024,177,6.5,19,1314,0.014459665,0.011985456
"L",2024-06-25,2024,177,7,9,1303,0.006907137,0.005725249
"T",2024-06-26,2024,178,0,1547,1284,1.20482866,1
"T",2024-06-26,2024,178,0.25,1024,1217,0.841413311,0.698367609
"T",2024-06-26,2024,178,0.5,721,1218,0.591954023,0.491318013
"T",2024-06-26,2024,178,0.75,517,1306,0.395865237,0.328565588
"T",2024-06-26,2024,178,1,415,1373,0.30225783,0.250872045
"T",2024-06-26,2024,178,1.5,70,485,0.144329897,0.119792881
"T",2024-06-26,2024,178,2,126,1473,0.085539715,0.07099741
"T",2024-06-26,2024,178,2.5,57,1411,0.040396882,0.033529151
"T",2024-06-26,2024,178,3,19,905,0.020994475,0.017425279
"T",2024-06-26,2024,178,3.5,3,362,0.008287293,0.006878399
"R",2024-07-01,2024,183,0,1511,1250,1.2088,1
"R",2024-07-01,2024,183,0.25,1020,1273,0.801256874,0.662853138
"R",2024-07-01,2024,183,0.5,647,1271,0.509047994,0.421118459
"R",2024-07-01,2024,183,0.75,484,1265,0.382608696,0.316519437
"R",2024-07-01,2024,183,1,308,1227,0.251018745,0.207659451
"R",2024-07-01,2024,183,1.5,175,1198,0.146076795,0.120844469
"R",2024-07-01,2024,183,2,96,1202,0.079866889,0.066071218
"R",2024-07-01,2024,183,2.5,48,1206,0.039800995,0.032926038
"R",2024-07-01,2024,183,3,29,1227,0.023634882,0.019552351
"R",2024-07-01,2024,183,3.5,20,1212,0.01650165,0.013651266
"R",2024-07-01,2024,183,4,13,1216,0.010690789,0.008844134
"L",2024-07-02,2024,184,0,190,122,1.557377049,1.000000032
"L",2024-07-02,2024,184,0.25,137,124,1.10483871,0.709422773
"L",2024-07-02,2024,184,0.5,117,112,1.044642857,0.670770698
"L",2024-07-02,2024,184,0.75,110,170,0.647058824,0.415479889
"L",2024-07-02,2024,184,1,100,141,0.709219858,0.455393818
"L",2024-07-02,2024,184,1.5,63,121,0.520661157,0.33431928
"L",2024-07-02,2024,184,2,43,120,0.358333333,0.230087727
"L",2024-07-02,2024,184,2.5,28,93,0.301075269,0.193322021
"L",2024-07-02,2024,184,3,22,107,0.205607477,0.132021647
"L",2024-07-02,2024,184,3.5,21,132,0.159090909,0.102153113
"L",2024-07-02,2024,184,4,11,87,0.126436782,0.081185725
"L",2024-07-02,2024,184,4.5,9,106,0.08490566,0.054518373
"L",2024-07-02,2024,184,5,7,92,0.076086957,0.048855837
"L",2024-07-02,2024,184,5.5,3.45,85,0.040588235,0.02606192
"L",2024-07-02,2024,184,6,1.14,72,0.015833333,0.010166667
"L",2024-07-02,2024,184,6.5,1.14,81,0.014074074,0.009037037
"L",2024-07-02,2024,184,7,-0.013,91,-0.000142857,-9.17e-05
"T",2024-07-03,2024,185,0,1708,1484,1.151,1
"T",2024-07-03,2024,185,0.25,1227,1474,0.832,0.722849696
"T",2024-07-03,2024,185,0.5,199,339,0.587,0.509991312
"T",2024-07-03,2024,185,0.75,121,290,0.417,0.362293658
"T",2024-07-03,2024,185,1,66,203,0.325,0.282363162
"T",2024-07-03,2024,185,1.5,208,1216,0.171,0.148566464
"T",2024-07-03,2024,185,2,100,1254,0.0797,0.069244136
"T",2024-07-03,2024,185,2.5,48,1246,0.038,0.03301477
"T",2024-07-03,2024,185,3,21,1258,0.1067,0.092701998
"T",2024-07-03,2024,185,3.5,12,1272,0.001,0.00086881
"R",2024-07-08,2024,190,0,270,263,1.02661597,1
"R",2024-07-08,2024,190,0.25,159,265,0.6,0.584444444
"R",2024-07-08,2024,190,0.5,106,265,0.4,0.38962963
"R",2024-07-08,2024,190,0.75,73,264,0.276515152,0.26934624
"R",2024-07-08,2024,190,1,68,261,0.260536398,0.253781751
"R",2024-07-08,2024,190,1.5,31,261,0.118773946,0.115694622
"R",2024-07-08,2024,190,2,16,261,0.061302682,0.059713353
"R",2024-07-08,2024,190,2.5,8,260,0.030769231,0.02997151
"R",2024-07-08,2024,190,3,5,262,0.019083969,0.0185892
"R",2024-07-08,2024,190,3.5,3,263,0.011406844,0.011111111
"R",2024-07-08,2024,190,4,2,232,0.00862069,0.00839719
"L",2024-07-09,2024,191,0,1337,1093,1.223238792,1
"L",2024-07-09,2024,191,0.25,1106,1096,1.009124088,0.824960829
"L",2024-07-09,2024,191,0.5,903,1099,0.821656051,0.671705358
"L",2024-07-09,2024,191,0.75,742,1107,0.670280036,0.547955183
"L",2024-07-09,2024,191,1,646,1088,0.59375,0.485391735
"L",2024-07-09,2024,191,1.5,437,1078,0.405380334,0.331399181
"L",2024-07-09,2024,191,2,309,1100,0.280909091,0.229643707
"L",2024-07-09,2024,191,2.5,210,1097,0.191431176,0.156495344
"L",2024-07-09,2024,191,3,153,1086,0.140883978,0.115172915
"L",2024-07-09,2024,191,3.5,114,1090,0.104587156,0.085500196
"L",2024-07-09,2024,191,4,86,1093,0.078682525,0.064323111
"L",2024-07-09,2024,191,4.5,63,1116,0.056451613,0.046149299
"L",2024-07-09,2024,191,5,46,1108,0.041516245,0.033939608
"L",2024-07-09,2024,191,5.5,32,1114,0.028725314,0.023482998
"L",2024-07-09,2024,191,6,24,1116,0.021505376,0.017580685
"L",2024-07-09,2024,191,6.5,15,1107,0.013550136,0.011077261
"L",2024-07-09,2024,191,7,5.7,1113,0.005121294,0.004186667
"T",2024-07-10,2024,192,0,1360,1265,1.075098814,1
"T",2024-07-10,2024,192,0.25,971,1265,0.767588933,0.713970588
"T",2024-07-10,2024,192,0.5,657,1265,0.519367589,0.483088235
"T",2024-07-10,2024,192,0.75,451,1285,0.350972763,0.326456283
"T",2024-07-10,2024,192,1,349,1256,0.277866242,0.258456468
"T",2024-07-10,2024,192,1.5,188,1174,0.160136286,0.148950296
"T",2024-07-10,2024,192,2,93,1190,0.078151261,0.072692165
"T",2024-07-10,2024,192,2.5,41,1233,0.03325223,0.030929464
"T",2024-07-10,2024,192,3,21,1206,0.017412935,0.016196591
"T",2024-07-10,2024,192,3.5,10,1248,0.008012821,0.007453101
"R",2024-07-15,2024,197,0,443,415,1.06746988,1
"R",2024-07-15,2024,197,0.25,285,394,0.723350254,0.677630599
"R",2024-07-15,2024,197,0.5,244,514,0.474708171,0.444704043
"R",2024-07-15,2024,197,0.75,189,551,0.343012704,0.321332443
"R",2024-07-15,2024,197,1,139,620,0.224193548,0.210023302
"R",2024-07-15,2024,197,1.5,63.42,593,0.106947723,0.100188048
"R",2024-07-15,2024,197,2,33.41,593,0.056340641,0.052779607
"R",2024-07-15,2024,197,2.5,18.4,592,0.031081081,0.029116588
"R",2024-07-15,2024,197,3,13.79,726,0.01899449,0.017793936
"R",2024-07-15,2024,197,3.5,3.355,527,0.006366224,0.005963844
"R",2024-07-15,2024,197,4,1.091,461,0.002366594,0.002217013
"L",2024-07-16,2024,198,0,1355,1108,1.222924188,1
"L",2024-07-16,2024,198,0.25,1277,1132,1.128091873,0.922454461
"L",2024-07-16,2024,198,0.5,996,1144,0.870629371,0.711924238
"L",2024-07-16,2024,198,0.75,837,1158,0.722797927,0.591040667
"L",2024-07-16,2024,198,1,723,1162,0.622203098,0.50878305
"L",2024-07-16,2024,198,1.5,515,1094,0.470749543,0.384937634
"L",2024-07-16,2024,198,2,357,1152,0.309895833,0.253405597
"L",2024-07-16,2024,198,2.5,260,1143,0.227471566,0.18600627
"L",2024-07-16,2024,198,3,190,1142,0.166374781,0.136046684
"L",2024-07-16,2024,198,3.5,141,1129,0.124889283,0.102123487
"L",2024-07-16,2024,198,4,111,1021,0.108716944,0.088899169
"L",2024-07-16,2024,198,4.5,79.53,1163,0.068383491,0.055918013
"L",2024-07-16,2024,198,5,85.42,1513,0.056457369,0.046165878
"L",2024-07-16,2024,198,5.5,64.64,1470,0.043972789,0.035957085
"L",2024-07-16,2024,198,6,12.7,397,0.031989924,0.026158551
"L",2024-07-16,2024,198,6.5,5.67,247,0.022955466,0.018770964
"L",2024-07-16,2024,198,7,2.3,262,0.008778626,0.007178389
"T",2024-07-17,2024,199,0,437,344,1.270348837,1
"T",2024-07-17,2024,199,0.25,182,275,0.661818182,0.52097358
"T",2024-07-17,2024,199,0.5,115,243,0.473251029,0.372536279
"T",2024-07-17,2024,199,0.75,80,230,0.347826087,0.273803602
"T",2024-07-17,2024,199,1,76,313,0.242811502,0.191137658
"T",2024-07-17,2024,199,1.5,54,302,0.178807947,0.140754997
"T",2024-07-17,2024,199,2,31,342,0.090643275,0.071353058
"T",2024-07-17,2024,199,2.5,12,280,0.042857143,0.033736515
"T",2024-07-17,2024,199,3,6.8,254,0.026771654,0.021074254
"T",2024-07-17,2024,199,3.5,2.3,190,0.012105263,0.009529086
"T",2024-07-17,2024,199,4,1.13,166,0.006807229,0.005358551
"R",2024-07-22,2024,204,0,1254,904,1.387168142,1
"R",2024-07-22,2024,204,0.25,734,934,0.785867238,0.566526302
"R",2024-07-22,2024,204,0.5,424,922,0.459869848,0.33151702
"R",2024-07-22,2024,204,0.75,290,914,0.317286652,0.228729772
"R",2024-07-22,2024,204,1,188,868,0.216589862,0.156138146
"R",2024-07-22,2024,204,1.5,77.3,868,0.0890553,0.064199355
"R",2024-07-22,2024,204,2,36.9,861,0.042857143,0.03089542
"R",2024-07-22,2024,204,2.5,21.89,881,0.024846765,0.017911863
"R",2024-07-22,2024,204,3,12.86,877,0.014663626,0.010570907
"R",2024-07-22,2024,204,3.5,5.731,873,0.006564719,0.004732461
"L",2024-07-23,2024,205,0,244,245,0.995918367,1
"L",2024-07-23,2024,205,0.25,189,240,0.7875,0.790727459
"L",2024-07-23,2024,205,0.5,142,239,0.594142259,0.596577269
"L",2024-07-23,2024,205,0.75,120,164,0.731707317,0.734706118
"L",2024-07-23,2024,205,1,99,162,0.611111111,0.613615665
"L",2024-07-23,2024,205,1.5,72,169,0.426035503,0.42778155
"L",2024-07-23,2024,205,2,58,176,0.329545455,0.330896051
"L",2024-07-23,2024,205,2.5,47,180,0.261111111,0.262181239
"L",2024-07-23,2024,205,3,39,180,0.216666667,0.217554645
"L",2024-07-23,2024,205,3.5,28,187,0.14973262,0.150346279
"L",2024-07-23,2024,205,4,24,197,0.121827411,0.122326704
"L",2024-07-23,2024,205,4.5,22,204,0.107843137,0.108285117
"L",2024-07-23,2024,205,5,16,211,0.075829384,0.07614016
"L",2024-07-23,2024,205,5.5,12,213,0.056338028,0.056568922
"L",2024-07-23,2024,205,6,9,220,0.040909091,0.041076751
"L",2024-07-23,2024,205,6.5,7,223,0.031390135,0.031518783
"L",2024-07-23,2024,205,7,2.3,216,0.010648148,0.010691788
"L",2024-07-23,2024,205,8,1.1,219,0.005022831,0.005043416
"T",2024-07-24,2024,206,0,548,415,1.320481928,1
"T",2024-07-24,2024,206,0.25,1093,1364,0.801319648,0.606838785
"T",2024-07-24,2024,206,0.5,697,1353,0.515151515,0.390123866
"T",2024-07-24,2024,206,0.75,520,1360,0.382352941,0.289555603
"T",2024-07-24,2024,206,1,122,489,0.249488753,0.18893765
"T",2024-07-24,2024,206,1.5,67,449,0.14922049,0.113004568
"T",2024-07-24,2024,206,2,41,535,0.076635514,0.058036019
"T",2024-07-24,2024,206,2.5,38,1265,0.030039526,0.022748911
"T",2024-07-24,2024,206,3,18,1446,0.012448133,0.009426962
"T",2024-07-24,2024,206,3.5,10,1514,0.00660502,0.005001977
"T",2024-07-24,2024,206,4,2.2,1597,0.001377583,0.001043243
"T",2024-07-24,2024,206,4.5,1.1,1595,0.000689655,0.000522275
"R",2024-07-29,2024,211,0,843,698,1.20773639,1
"R",2024-07-29,2024,211,0.25,600,765,0.784313725,0.649408043
"R",2024-07-29,2024,211,0.5,491,879,0.558589306,0.462509295
"R",2024-07-29,2024,211,0.75,329,829,0.396863691,0.328601253
"R",2024-07-29,2024,211,1,150,516,0.290697674,0.240696295
"R",2024-07-29,2024,211,1.5,77,476,0.161764706,0.133940409
"R",2024-07-29,2024,211,2,35,466,0.075107296,0.062188485
"R",2024-07-29,2024,211,2.5,18,423,0.042553191,0.035233841
"R",2024-07-29,2024,211,3,11,421,0.026128266,0.02163408
"R",2024-07-29,2024,211,3.5,8,412,0.019417476,0.016077578
"R",2024-07-29,2024,211,4,5,409,0.012224939,0.010122191
"R",2024-07-29,2024,211,4.5,2,397,0.005037783,0.004171261
"L",2024-07-30,2024,212,0,1048,827,1.267230955,1
"L",2024-07-30,2024,212,0.25,841,825,1.019393939,0.804426324
"L",2024-07-30,2024,212,0.5,704,828,0.850241546,0.670944426
"L",2024-07-30,2024,212,0.75,605,831,0.728038508,0.574511303
"L",2024-07-30,2024,212,1,477,820,0.581707317,0.459038121
"L",2024-07-30,2024,212,1.5,352,737,0.47761194,0.376894155
"L",2024-07-30,2024,212,2,254,702,0.361823362,0.285522825
"L",2024-07-30,2024,212,2.5,181,722,0.250692521,0.197827018
"L",2024-07-30,2024,212,3,130,712,0.18258427,0.144081289
"L",2024-07-30,2024,212,3.5,99,733,0.135061392,0.106579934
"L",2024-07-30,2024,212,4,72,724,0.099447514,0.078476235
"L",2024-07-30,2024,212,4.5,54,749,0.072096128,0.056892651
"L",2024-07-30,2024,212,5,40,766,0.052219321,0.041207422
"L",2024-07-30,2024,212,5.5,31,765,0.040522876,0.031977498
"L",2024-07-30,2024,212,6,10,756,0.013227513,0.010438124
"L",2024-07-30,2024,212,6.5,6,726,0.008264463,0.006521671
"T",2024-07-31,2024,213,0,1210,967,1.251292658,1
"T",2024-07-31,2024,213,0.25,770,971,0.79299691,0.633742159
"T",2024-07-31,2024,213,0.5,510,933,0.546623794,0.43684728
"T",2024-07-31,2024,213,0.75,360,925,0.389189189,0.311029707
"T",2024-07-31,2024,213,1,230,942,0.244161359,0.195127301
"T",2024-07-31,2024,213,1.5,123,962,0.127858628,0.102181234
"T",2024-07-31,2024,213,2,58,923,0.06283857,0.050218923
"T",2024-07-31,2024,213,2.5,23,903,0.025470653,0.020355473
"T",2024-07-31,2024,213,3,6,922,0.006507592,0.005200696
"T",2024-07-31,2024,213,3.5,3,901,0.003329634,0.002660955
"R",2024-08-05,2024,218,0,809,592,1.366554054,1
"R",2024-08-05,2024,218,0.25,750,681,1.101321586,0.80591147
"R",2024-08-05,2024,218,0.5,293,465,0.630107527,0.461092282
"R",2024-08-05,2024,218,0.75,179,403,0.444168734,0.325028295
"R",2024-08-05,2024,218,1,129,369,0.349593496,0.255821199
"R",2024-08-05,2024,218,1.5,48.47,420,0.115404762,0.084449467
"R",2024-08-05,2024,218,2,19.61,363,0.054022039,0.039531578
"R",2024-08-05,2024,218,2.5,10.37,351,0.02954416,0.021619459
"R",2024-08-05,2024,218,3,4.6,346,0.013294798,0.009728702
"R",2024-08-05,2024,218,3.5,3.44,345,0.009971014,0.007296465
"L",2024-08-06,2024,219,0,1244,978,1.27198364,0.930796434
"L",2024-08-06,2024,219,0.25,906,1012,0.895256917,0.655120018
"L",2024-08-06,2024,219,0.5,874,1000,0.874,0.639564895
"L",2024-08-06,2024,219,0.75,722,1079,0.669138091,0.489653584
"L",2024-08-06,2024,219,1,568,1021,0.556317336,0.40709501
"L",2024-08-06,2024,219,1.5,438,1037,0.422372228,0.309078317
"L",2024-08-06,2024,219,2,288,1099,0.262056415,0.191764398
"L",2024-08-06,2024,219,2.5,219,1073,0.204100652,0.149354247
"L",2024-08-06,2024,219,3,153,1089,0.140495868,0.102810326
"L",2024-08-06,2024,219,3.5,103,1084,0.09501845,0.069531425
"L",2024-08-06,2024,219,4,79,1048,0.075381679,0.055161872
"L",2024-08-06,2024,219,4.5,56,1055,0.053080569,0.038842641
"L",2024-08-06,2024,219,5,46,1061,0.043355325,0.031726023
"L",2024-08-06,2024,219,5.5,30,1056,0.028409091,0.020788853
"L",2024-08-06,2024,219,6,24,1070,0.022429907,0.016413479
"L",2024-08-06,2024,219,6.5,15.9,1032,0.015406977,0.011274327
"L",2024-08-06,2024,219,7,8.9,1034,0.00860735,0.00629858
"T",2024-08-07,2024,220,0,174,163,1.067484663,1
"T",2024-08-07,2024,220,0.25,92,137,0.671532847,0.629079621
"T",2024-08-07,2024,220,0.5,62,128,0.484375,0.453753592
"T",2024-08-07,2024,220,0.75,50,148,0.337837838,0.316480273
"T",2024-08-07,2024,220,1,30,137,0.218978102,0.205134659
"T",2024-08-07,2024,220,1.5,17,140,0.121428571,0.113752053
"T",2024-08-07,2024,220,2,4.6,139,0.033093525,0.031001406
"T",2024-08-07,2024,220,2.5,3.5,136,0.025735294,0.02410835
"T",2024-08-07,2024,220,3,1.1,136,0.008088235,0.00757691
"R",2024-08-12,2024,225,0,1113,928,1.199353448,1
"R",2024-08-12,2024,225,0.25,840,946,0.88794926,0.740356616
"R",2024-08-12,2024,225,0.5,588,950,0.618947368,0.516067527
"R",2024-08-12,2024,225,0.75,444,953,0.465897167,0.388456937
"R",2024-08-12,2024,225,1,357,983,0.363173957,0.302808115
"R",2024-08-12,2024,225,1.5,196,999,0.196196196,0.163584969
"R",2024-08-12,2024,225,2,110,1005,0.109452736,0.091259784
"R",2024-08-12,2024,225,2.5,60,1029,0.058309038,0.048617059
"R",2024-08-12,2024,225,3,35,1024,0.034179688,0.028498428
"R",2024-08-12,2024,225,3.5,23,1021,0.022526934,0.018782565
"R",2024-08-12,2024,225,4,14,1012,0.013833992,0.011534541
"R",2024-08-12,2024,225,4.5,9,1014,0.00887574,0.007400437
"L",2024-08-13,2024,226,0,1148,824,1.393203883,1
"L",2024-08-13,2024,226,0.25,949,844,1.124407583,0.80706607
"L",2024-08-13,2024,226,0.5,760,852,0.892018779,0.64026435
"L",2024-08-13,2024,226,0.75,635,847,0.749704841,0.53811567
"L",2024-08-13,2024,226,1,536,841,0.637336504,0.457461045
"L",2024-08-13,2024,226,1.5,380,826,0.460048426,0.330208975
"L",2024-08-13,2024,226,2,271,814,0.332923833,0.238962751
"L",2024-08-13,2024,226,2.5,188,822,0.228710462,0.164161516
"L",2024-08-13,2024,226,3,132,813,0.162361624,0.116538308
"L",2024-08-13,2024,226,3.5,94,801,0.117353308,0.084232688
"L",2024-08-13,2024,226,4,62,826,0.075060533,0.053876201
"L",2024-08-13,2024,226,4.5,48,827,0.058041112,0.041660171
"L",2024-08-13,2024,226,5,35,826,0.042372881,0.030413985
"L",2024-08-13,2024,226,5.5,26,836,0.031100478,0.022322992
"L",2024-08-13,2024,226,6,20,835,0.023952096,0.017192097
"L",2024-08-13,2024,226,6.5,13,842,0.01543943,0.01108196
"L",2024-08-13,2024,226,7,5,842,0.005938242,0.004262292
"T",2024-08-14,2024,227,0,1108,858,1.291375291,1
"T",2024-08-14,2024,227,0.25,757,862,0.878190255,0.680042634
"T",2024-08-14,2024,227,0.5,444,847,0.52420307,0.405926204
"T",2024-08-14,2024,227,0.75,295,828,0.356280193,0.275892063
"T",2024-08-14,2024,227,1,213,865,0.246242775,0.190682582
"T",2024-08-14,2024,227,1.5,98,821,0.119366626,0.092433723
"T",2024-08-14,2024,227,2,40,799,0.050062578,0.03876687
"T",2024-08-14,2024,227,2.5,17,831,0.02045728,0.015841468
"T",2024-08-14,2024,227,3,8,865,0.009248555,0.007161787
"R",2024-08-19,2024,232,0,1046,833,1.255702281,1
"R",2024-08-19,2024,232,0.25,869,825,1.053333333,0.838840025
"R",2024-08-19,2024,232,0.5,557,825,0.675151515,0.537668463
"R",2024-08-19,2024,232,0.75,423,830,0.509638554,0.405859384
"R",2024-08-19,2024,232,1,319,859,0.371362049,0.295740523
"R",2024-08-19,2024,232,1.5,191,858,0.222610723,0.177279858
"R",2024-08-19,2024,232,2,108,889,0.121484814,0.096746511
"R",2024-08-19,2024,232,2.5,61,862,0.070765661,0.056355445
"R",2024-08-19,2024,232,3,42.5,894,0.04753915,0.037858616
"R",2024-08-19,2024,232,3.5,26.1,871,0.029965557,0.023863584
"R",2024-08-19,2024,232,4,16,879,0.018202503,0.014495875
"R",2024-08-19,2024,232,4.5,6.78,878,0.007722096,0.006149623
"L",2024-08-20,2024,233,0,1238,951,1.301787592,1
"L",2024-08-20,2024,233,0.25,1007,985,1.022335025,0.785331671
"L",2024-08-20,2024,233,0.5,808,993,0.813695871,0.625060399
"L",2024-08-20,2024,233,0.75,574,985,0.582741117,0.447646851
"L",2024-08-20,2024,233,1,522,1002,0.520958084,0.400186703
"L",2024-08-20,2024,233,1.5,397,980,0.405102041,0.311189048
"L",2024-08-20,2024,233,2,280,985,0.284263959,0.218364318
"L",2024-08-20,2024,233,2.5,191,1008,0.189484127,0.14555687
"L",2024-08-20,2024,233,3,128,974,0.131416838,0.10095106
"L",2024-08-20,2024,233,3.5,102,1028,0.09922179,0.076219646
"L",2024-08-20,2024,233,4,62,877,0.070695553,0.054306519
"L",2024-08-20,2024,233,4.5,50,1043,0.047938639,0.036825238
"L",2024-08-20,2024,233,5,36,1038,0.034682081,0.026641889
"L",2024-08-20,2024,233,5.5,26,1017,0.025565388,0.019638679
"L",2024-08-20,2024,233,6,17,1057,0.016083254,0.012354746
"L",2024-08-20,2024,233,6.5,14,1042,0.013435701,0.010320962
"L",2024-08-20,2024,233,7,2,1025,0.00195122,0.001498877
"T",2024-08-21,2024,234,0,1126,909,1.238723872,1
"T",2024-08-21,2024,234,0.25,813,883,0.920724802,0.743284942
"T",2024-08-21,2024,234,0.5,419,912,0.459429825,0.370889619
"T",2024-08-21,2024,234,0.75,284,912,0.311403509,0.251390577
"T",2024-08-21,2024,234,1,158,899,0.175750834,0.141880558
"T",2024-08-21,2024,234,1.5,100,794,0.125944584,0.101672848
"T",2024-08-21,2024,234,2,49,803,0.061021171,0.049261318
"T",2024-08-21,2024,234,2.5,18.5,809,0.022867738,0.018460723
"T",2024-08-21,2024,234,3,8,806,0.009925558,0.008012729
